avg_degree,max_degree,std_degree,median_degree,avg_strength,max_strength,total_strength,std_strength,median_strength,density,avg_edge_weight,std_edge_weight,median_edge_weight,max_edge_weight,clustering_coef,transitivity,std_clustering,max_clustering,avg_betweenness,std_betweenness,max_betweenness,avg_eigenvector,std_eigenvector,avg_closeness,std_closeness,global_efficiency,local_efficiency,degree_assortativity,num_communities,modularity,avg_community_size,std_community_size,spectral_gap,algebraic_connectivity,avg_eigenvalue,max_eigenvalue,spectral_radius,trace,rich_club_coef,max_rich_club,max_k_core,avg_k_core,avg_shortest_path,small_world_sigma,degree_skewness,degree_kurtosis,strength_skewness,strength_kurtosis,network_heterogeneity,strength_degree_correlation,avg_neighbor_degree,URSI
33.68571428571428,65,13.582071015173808,32.0,53169.4,239056.0,3721858.0,59313.324275265986,31607.5,0.48819875776397514,1578.396098388465,2799.108937568942,456.0,21926.0,0.029645751802499707,0.7015091236414553,0.016327575682863943,0.06513324932512672,0.04995617087414676,0.07469183449553927,0.42474120082815753,0.07097034811846681,0.0961713261510827,0.12398416086208007,0.03611700698825874,0.741407867494825,0.8819427152512249,-0.07781756327548928,5,0.24167300515932996,14.0,5.549774770204643,1733.6238359369245,1733.6238359369245,53939.97101449275,254409.7294061464,132848.1362853283,0.0,0.7802577539070532,1.0,25,21.857142857142858,9.07080745341615,0.0032682594085198936,0.31602993873967794,-0.15911729417310516,1.647286801701773,1.7146683602392567,0.40319973327487985,0.8641480784552235,39.07094954593937,M87121956
25.685714285714287,53,10.33654108648793,23.5,25464.585714285713,114638.0,1782521.0,23843.790805390498,18717.0,0.3722567287784679,991.3909899888765,1605.2085181973198,331.0,13656.0,0.030629707509107526,0.6390559925960203,0.01524444731578005,0.0637651341657979,0.04999898510128688,0.06661855224712224,0.23600454674623475,0.07747388420076813,0.0910137986931666,0.08610568413973464,0.024658855752457933,0.6776397515527971,0.8526200390841968,0.018406602590393163,4,0.38113401155700516,17.5,5.315072906367325,414.808897498562,414.808897498562,25833.63768115942,122526.17761182066,52568.09531685899,0.0,0.6972595079655991,1.0,19,16.857142857142858,12.939130434782609,0.002367215298082907,0.4776212203629199,-0.0714115970131104,1.5889532699833882,2.4212524611697406,0.4024237352915212,0.8549055685951347,29.484112890032463,M87165017
28.6,55,12.453800337934716,28.0,37048.21428571428,167346.5,2593375.0,36616.81402088111,25217.25,0.4144927536231884,1295.3921078921078,2061.940884248992,407.5,15915.5,0.03614294583842578,0.6825689738625363,0.016429060850942326,0.08680131594612041,0.06080562659846546,0.10985108922389346,0.5021312872975277,0.07374753105414472,0.09405857722255981,0.042601894351658565,0.012359717469532887,0.6969634230503821,0.8692380155823529,0.05848624861661219,4,0.32899218742017744,17.5,6.837397165588672,803.6709925106405,803.6709925106405,37585.14492753623,176612.24965231714,82107.70008843893,0.0,0.7361091690002272,1.0,22,18.7,34.81656314699793,0.0010380963131205046,0.031127055661820224,-0.6431694672917256,1.6664030670714938,2.1978770456317562,0.4354475642634516,0.8252896077651909,33.2550557256452,M87128444
27.114285714285714,62,11.628220422922919,25.5,33572.72857142857,154040.5,2350091.0,33280.822305977366,21569.0,0.3929606625258799,1238.1933614330874,1961.5504600551708,373.0,14126.0,0.037658867696882196,0.6462476706759275,0.01590178539039731,0.07563507147337302,0.055030852920878504,0.105835151191219,0.4771952259164534,0.07120968346731948,0.09599424600567709,0.09202655110170431,0.030407900966663307,0.6899240855762607,0.8611278796090513,-0.008914606775847265,6,0.34186481780578404,11.666666666666666,4.784233364802441,1192.5880360152046,1192.5880360152046,34059.28985507247,162906.1912907018,76932.08968125121,0.0,0.7350407667787452,1.0,18,16.514285714285716,12.763561076604555,0.0029504984910449813,0.49774374437981317,0.10108989971417115,1.5818682277614744,1.8147756912892339,0.42885955195184633,0.8656231580006649,31.76395025135684,M87144889
31.771428571428572,63,13.838013305561532,35.5,40907.114285714284,183128.0,2863498.0,39824.57658677001,29155.0,0.46045548654244306,1287.5440647482014,2156.235920158562,365.25,15924.5,0.03472239287424318,0.7270527859237537,0.016281711346551438,0.07170192950465727,0.053428327852880285,0.08802443506673994,0.5572605853935778,0.07270437264499666,0.09486721501136074,0.07701386344747814,0.025042995700092288,0.7261559696342319,0.888256176354495,0.0009673161973268849,5,0.33178213516389704,14.0,4.33589667773576,652.5974902449796,652.5974902449796,41499.97101449276,193654.29172184976,91111.62901450443,0.0,0.784200992566377,1.0,31,23.37142857142857,15.588612836438923,0.0022274203124140967,-0.08945852432286937,-0.6849520109517391,1.4567117183999767,1.6608290438465731,0.43554897994123526,0.8136170081187689,37.36164996667435,M87192333
26.714285714285715,56,10.345658657679774,24.5,35933.78571428572,163564.0,2515365.0,33586.945672024274,26074.0,0.38716356107660455,1345.114973262032,2108.113376942327,335.5,15919.0,0.03528227259665245,0.6316528122638454,0.01990882340879036,0.10548571940544672,0.054384362440628435,0.08709365253751762,0.3898479681727764,0.07183039851033171,0.09553066594325207,0.11832341321800975,0.03721291742751399,0.686266390614219,0.8516750917588247,-0.006560577592522666,5,0.3845558318267899,14.0,5.019960159204453,1082.7945952670852,1082.7945952670852,36454.565217391304,172433.1298171397,78352.31463990099,0.0,0.719037084274744,1.0,17,16.214285714285715,10.104761904761904,0.0034916480892068875,0.65983558374155,0.3655309520580188,1.565211534900875,2.1958836734891882,0.38727064493988456,0.8178543946829879,30.554185026020896,M87150639
31.82857142857143,61,13.581469969433067,32.0,39580.08571428571,185474.0,2770606.0,43285.03875878819,23284.0,0.46128364389233956,1243.5394973070017,2188.705705629399,296.0,16883.5,0.03013325204437104,0.687002132405206,0.015214843157024142,0.06796837639185417,0.049003876913084075,0.06371706897617219,0.2840769157904708,0.06938687619571327,0.09731996556470335,0.11383613984576073,0.03002099412053892,0.7269151138716369,0.8732004962225258,-0.050928376171928434,4,0.28965243119011214,17.5,7.297259759663212,1097.411319876094,1097.411319876094,40153.71014492753,196341.39635555726,99248.20811440205,0.0,0.7612536748556745,1.0,22,19.87142857142857,10.021325051759835,0.0030069129470138654,0.1755829427201595,-0.39927359333253865,1.7463528620946613,2.176424224004461,0.4267068661850605,0.8370465057278915,37.32310862986707,M87115498
25.428571428571427,54,10.944759252813231,24.0,29705.314285714285,131486.5,2079372.0,27412.9358008706,22640.5,0.36853002070393376,1168.1865168539325,1799.0457401977924,393.5,13198.0,0.03781216271442009,0.6267448137580011,0.016336165973687606,0.08113423818311206,0.05287317825680996,0.07124427318435748,0.35656436487638526,0.07726469659005593,0.0911914521573206,0.05076231185619215,0.013218612073504775,0.6758454106280218,0.8455131004910252,0.004268501466638698,4,0.38454507272852206,17.5,6.5,887.1192127109804,887.1192127109804,30135.82608695652,140607.0616538496,60397.3335537604,0.0,0.7155188355642346,1.0,19,16.242857142857144,22.06977225672878,0.0017133009926231415,0.3112187323687647,-0.2698945366983452,1.5971120071436837,2.5333569430222163,0.43041188072861025,0.8824434784549592,29.830976125976374,M87115517
30.37142857142857,59,12.788579088469556,29.0,41673.24285714285,188694.5,2917127.0,43438.10515128253,27952.0,0.4401656314699793,1372.1199435559736,2291.5916623802104,368.5,18322.0,0.03227903592264624,0.6818329453797434,0.01856509837192488,0.0828125453580589,0.048576503064994114,0.06547809322623972,0.3264776925262859,0.0707812814460344,0.09631056267394325,0.07974942855151253,0.023987026970410174,0.7163561076604568,0.8714459781295105,-0.027786922864712727,4,0.32046885465138947,17.5,5.024937810560445,760.8083801182257,760.8083801182257,42277.20289855073,200025.6018958887,99530.92850732568,0.0,0.7549746709164183,1.0,24,20.47142857142857,14.265010351966874,0.0022628119521971167,0.28259164395176345,-0.14055782788997773,1.7181914548617367,2.215309713389537,0.42107268870784054,0.8330794189825111,35.476800112551125,M87102217
30.314285714285713,63,13.138322198975088,29.0,35794.78571428572,165377.0,2505635.0,35593.36244156961,25403.5,0.43933747412008284,1180.7893496701224,1929.1109589793782,396.5,14608.0,0.03370100779426539,0.6735138918802498,0.014409498702602103,0.06417392635045632,0.049083061318172756,0.07073564447277299,0.31176634533412034,0.07575455133769099,0.09244978224603577,0.09600106846673714,0.028776754730297106,0.7165631469979308,0.8621156402661565,-0.014068062488277773,4,0.32809748756528057,17.5,5.678908345800274,1666.386804950959,1666.386804950959,36313.55072463768,174771.82739458903,78201.59824766795,0.0,0.7610473240552775,1.0,24,19.714285714285715,12.437267080745341,0.002709679512023935,0.3327289011974357,-0.5191048748996496,1.6843831890822027,2.3634718607654035,0.4334036540660962,0.8644590430924857,35.50687654271639,M87117167
22.857142857142858,52,9.207583387443998,22.5,20146.52857142857,84766.5,1410257.0,17256.15087147721,14558.75,0.33126293995859213,881.410625,1342.5282154202976,281.25,9987.0,0.03772629064834913,0.6148731237471275,0.01540271542710478,0.08617944169073118,0.05475683026833922,0.0717690463979304,0.3034811025859619,0.08180327639685211,0.08714320545202882,0.10811102163971828,0.026442785445993024,0.6533471359558339,0.845965412761973,-0.03142662346264769,4,0.42743951457660745,17.5,6.5383484153110105,1209.6924509685919,1209.6924509685919,20438.50724637681,92460.80964332567,37775.713973825244,0.0,0.6951034357912111,1.0,15,14.142857142857142,10.325465838509317,0.003653713182377412,0.9502687185515912,1.520482974144385,1.8198235563607914,3.7687644182230366,0.4028317732006749,0.8934931078422422,26.466008440581884,M87184910
27.714285714285715,58,11.954847023150851,25.0,28500.428571428572,128613.0,1995030.0,25029.464613771517,23532.0,0.40165631469979296,1028.3659793814434,1608.3092164278366,337.75,12581.0,0.034726946374918494,0.6410480349344978,0.01601187850662448,0.08940311723342105,0.059473862008571556,0.08769397900007377,0.39228575488166295,0.07734637656262122,0.09112218345906493,0.09930173107230209,0.028143857523900154,0.6957902001380272,0.8530305354749714,-0.02841593360257887,4,0.38927108437719765,17.5,6.18465843842649,558.4009223119697,558.4009223119697,28913.478260869568,136093.55986879952,56461.36051412475,0.0,0.7495557316883439,1.0,21,17.614285714285714,11.746376811594203,0.002956396421800587,0.62072673602126,0.0890484971771861,1.5751595859764778,2.9037533789920618,0.43136045959822655,0.8861933352396231,32.51958813376913,M87114047
27.6,57,12.537258757115016,28.5,29598.714285714286,157884.0,2071910.0,35656.845386923094,15961.0,0.4,1072.4171842650103,1941.6183068400067,345.5,16206.5,0.02696961711143203,0.6626598711414559,0.015142014019443458,0.07305109745015045,0.044240652782852274,0.07423809719441642,0.3338306337027565,0.06678364643324979,0.09912446143507148,0.0796587381970816,0.0247621579225718,0.6917184265010373,0.8529840349405713,0.042051648951788735,5,0.2627552108245563,14.0,7.563068160475615,549.6518959360432,549.6518959360432,30027.681159420288,169236.9319129758,82010.80381071131,0.0,0.7508584475769938,1.0,22,18.014285714285716,15.081573498964802,0.0017882495558757992,0.3069763684688012,-0.5425186746801094,1.9092633855414594,2.8673246795512455,0.454248505692573,0.8281465015147708,32.36799975488709,M87186642
27.0,60,11.595565654902,26.0,38676.57142857143,170195.0,2707360.0,37660.108855703926,26086.5,0.391304347826087,1432.4656084656085,2197.557745088196,570.5,15035.0,0.04289615654393633,0.6590039622899303,0.021241597183954047,0.09632141286903292,0.059577265688884246,0.0906063494915593,0.4270105143506677,0.07652616475506115,0.09181209285053644,0.08991951064347806,0.029635561634062748,0.6894409937888211,0.8630519547038704,0.01255507731549168,3,0.33219747170021724,23.333333333333332,4.0276819911981905,868.2763916604612,868.2763916604612,39237.10144927536,183309.26034824652,82730.39510688896,0.0,0.7216268243334478,1.0,21,18.2,13.335196687370601,0.0032167621932837408,0.4168321157193885,0.08037871195166613,1.5613775284512075,2.299075011452512,0.429465394626,0.8716118607633109,31.46460974518959,M87192995
26.142857142857142,53,11.157682445338745,24.5,34621.04285714286,173283.5,2423473.0,36000.372027119665,25556.25,0.37888198757763975,1324.3021857923497,2089.6081967825444,468.5,15057.5,0.03808401719837612,0.6376493805503782,0.018880401410472814,0.08894156660738609,0.06037307676693868,0.08998290681354808,0.43991190679170217,0.07389640046205836,0.09394166426280398,0.07613468572825557,0.021152595462944,0.680331262939961,0.8533631665310633,0.012586614060766752,5,0.3200407884509454,14.0,4.8166378315169185,1091.5465355913195,1091.5465355913195,35122.79710144927,183592.87410716468,79290.3621633116,0.0,0.7197550535067643,1.0,19,16.67142857142857,15.691097308488613,0.002427109873174601,0.4659561839342452,-0.29003415815782585,1.906105076812595,3.507105286748942,0.42679659626978805,0.8700863082351232,30.556459513440053,M87134068
23.542857142857144,51,9.753659700390434,22.0,27798.0,118862.0,1945860.0,27890.615875492706,17606.25,0.3412008281573499,1180.740291262136,1797.7588120393023,361.75,13112.5,0.03728796496010736,0.6145172335083314,0.020146332184475937,0.10031619770517132,0.05786836473719923,0.09211965173922844,0.5026336621605164,0.07106142970111398,0.09610404515184533,0.06525646636829374,0.02190757988578362,0.6571428571428604,0.8428453481721472,0.037917146506774385,4,0.37402304840330824,17.5,5.123475382979799,538.604167422458,538.604167422458,28200.86956521739,128341.7408350132,64611.47024306678,0.0,0.6982112159339681,1.0,16,14.557142857142857,18.52919254658385,0.002012390171150873,0.5619971852984884,0.32320832127206245,1.5189895116571004,1.5295051809989637,0.41429379795347715,0.8784532229628638,27.189918472929648,M87199297
28.514285714285716,56,11.211910576503463,26.5,30238.257142857143,121412.5,2116678.0,28297.9291774836,18838.5,0.4132505175983437,1060.4599198396793,1711.8174200702906,356.75,12077.0,0.03831121814381532,0.6697950343701937,0.017514342195763456,0.08556221589017621,0.05395587220395404,0.07897016095776663,0.3153239556692242,0.07511073406696853,0.092973608694271,0.07529414170556878,0.02366562197350592,0.70041407867495,0.8631219779814779,0.008851373858621234,6,0.35795741836235234,11.666666666666666,5.21749194749951,1826.5000021918336,1826.5000021918336,30676.492753623188,129863.74813188448,64257.28122945968,0.0,0.7256968149938929,1.0,22,18.84285714285714,17.254451345755694,0.0022203672186446683,0.479328864839096,-0.01843403751302297,1.459529668502975,1.2463922383013237,0.39320327673108335,0.8522045886075944,32.6168905952396,M87136832
26.885714285714286,53,11.133659207418681,25.0,37041.57142857143,169139.0,2592910.0,37392.74424731218,23760.0,0.389648033126294,1377.741764080765,2228.0800970718647,411.5,16298.0,0.03569420595935191,0.6479422936195421,0.021445457688179122,0.10495714397955037,0.05287317825680996,0.09338875300245927,0.4719380505825519,0.07054527972080991,0.0964835623037778,0.09190241706425235,0.028326287248000643,0.685990338164254,0.854898383665414,0.03741062485477074,3,0.34259115758681097,23.333333333333332,2.494438257849294,1278.7286578018156,1278.7286578018156,37578.40579710145,179052.15313454537,86521.73548091768,0.0,0.7296076357240795,1.0,20,17.385714285714286,13.770600414078675,0.0025920587981667926,0.39888227564270357,-0.3421597214451788,1.7744860087744667,2.5478974052486283,0.41411059751291585,0.8271218136286161,31.09013499509982,M87190745
26.428571428571427,58,11.280288026428389,24.5,35750.34285714286,160447.0,2502524.0,34374.957254263594,23257.0,0.3830227743271222,1352.7156756756756,2117.9126830947807,438.0,15921.5,0.035655984094789844,0.6421447721179625,0.0180183281082588,0.07978495301434194,0.053837129054520365,0.08305227943648277,0.4460002841716396,0.07233530806879147,0.09514892270702449,0.08507989066000647,0.0243430887868222,0.6848861283643914,0.8589166215790033,-0.008305392554054596,5,0.35695081271508083,14.0,8.294576541331088,434.0195690906263,434.0195690906263,36268.463768115944,170355.00076212536,79051.49054034124,0.0,0.7446245774876861,1.0,19,16.814285714285713,13.234368530020705,0.00269419610115195,0.5518623878375519,0.36412022309838754,1.536904039731749,2.0454440235169757,0.42682170910810124,0.8605530935774125,30.865491947663674,M87151146
29.914285714285715,60,12.111084482693478,28.0,33182.87142857143,143032.0,2322801.0,31925.056244461663,22325.5,0.4335403726708075,1109.2650429799428,1887.1561253263608,307.5,14282.5,0.03273933215439023,0.6872369870364617,0.014879258134264231,0.06594522376228366,0.04669721511793123,0.0672952731695647,0.36215442698818645,0.07338671156754792,0.09434036702820177,0.08460208602992286,0.02616674133728463,0.7107660455486553,0.8752811718229849,-0.010194325747039825,4,0.361539038658881,17.5,9.313968005098578,1149.2385138349448,1149.2385138349448,33663.782608695656,152798.48501333984,72584.15133683945,0.0,0.7462445484071404,1.0,23,20.02857142857143,14.24824016563147,0.0022977807626629976,0.3153689800907761,-0.0424146062725792,1.5959721858953455,1.9320715187879642,0.40485955768316306,0.8436529991516444,34.465205149492675,M87160332
29.714285714285715,58,12.800829054783753,29.0,27866.8,137418.5,1950676.0,29773.66800024094,17802.0,0.4306418219461698,937.825,1654.9890794288783,258.0,11686.0,0.03309189991235789,0.6709084780043822,0.016909283440200686,0.08079444801087496,0.05114743525868845,0.09151914374854571,0.5154124363843032,0.07089172407567407,0.09622929773874887,0.09755141646911333,0.030423100068815774,0.7094547964113194,0.8699512706463236,-0.04095731927366851,4,0.30661581791008335,17.5,4.716990566028302,935.1869551817061,935.1869551817061,28270.666666666668,145868.0584225076,67289.50175058379,0.0,0.7497475663474021,1.0,21,18.82857142857143,12.246169772256728,0.0027022244936801745,0.3389061401206425,-0.3193969086515285,1.845205838937866,2.7783939446262638,0.4307971316513763,0.8524969982640488,34.97343600625486,M87125134
24.571428571428573,50,10.32551822092297,24.0,24486.714285714286,116970.5,1714070.0,23648.238777152616,17799.25,0.35610766045548653,996.5523255813954,1570.4574522957748,282.75,11409.0,0.03560698975795444,0.6352955880514936,0.01668814864924382,0.09259222594341522,0.050015426460439244,0.08753780091522977,0.5328644501278772,0.07191239104028545,0.09546895988007494,0.0937482638612338,0.027517391393058917,0.6676328502415493,0.8450509994456402,0.05827210917223534,4,0.38355693747739933,17.5,5.361902647381804,848.2973673711032,848.2973673711032,24841.594202898552,124216.93192055312,54392.833254933474,0.0,0.7127328624681805,1.0,18,15.9,12.27888198757764,0.002899856012459237,0.3227448187077869,-0.11870121604165895,1.7326690895392307,2.827807575637687,0.4202245787584929,0.8350549770522636,28.3890341184628,M87192557
29.62857142857143,60,11.99663218046921,30.5,29179.057142857142,134778.5,2042534.0,28781.820408964362,19907.5,0.42939958592132504,984.8283510125361,1609.595081644114,306.0,14434.0,0.02881720570997256,0.683110151187905,0.013703059496316285,0.07075431616314691,0.05036323224942151,0.07649087081862546,0.38161409491332776,0.07285838445723967,0.09474898469110549,0.10072840433584149,0.03268286381526399,0.7086956521739138,0.8636568610150798,0.03763666830842631,4,0.3450023821288017,17.5,3.3541019662496847,1073.4703514278713,1073.4703514278713,29601.942028985497,143215.95069657796,65469.967516396515,0.0,0.7473400532788584,1.0,23,20.114285714285714,12.066045548654245,0.002388289153540168,0.11866207638494541,-0.1136767860258443,1.8530007207313057,3.148732995633602,0.4049007968335799,0.8309371161361153,33.889669140794496,M87144896
25.314285714285713,61,11.555509331845453,24.0,27848.557142857142,152059.5,1949399.0,30466.532184342737,18477.5,0.36687370600414076,1100.11230248307,1812.6190911528072,383.5,13974.0,0.033924520821261746,0.6352227647238328,0.018878352347556315,0.08765667014776997,0.05003856615109813,0.0742605165564912,0.3217533390167661,0.06991584210142136,0.0969406483832422,0.06909127982867433,0.0212017875402099,0.6757073844030379,0.8573917919124588,-0.018018120160918884,5,0.3301781449740509,14.0,5.549774770204643,730.5676277449114,730.5676277449114,28252.159420289856,161036.15243753686,69175.03171764669,0.0,0.7267504100317198,1.0,19,16.3,16.6055900621118,0.0020429578650544757,0.6731842800262571,0.3595427137841356,2.045631356007047,4.065826068210761,0.45648174561466237,0.8704820965032498,30.258854384018996,M87107085
24.714285714285715,57,10.734647318902681,24.0,28453.128571428573,115899.0,1991719.0,27804.805905080215,20491.75,0.3581780538302277,1151.2826589595377,1737.588439680366,413.0,11873.5,0.04346734396017134,0.6240527988266927,0.02399239879400303,0.10691019815734859,0.06677789956562336,0.10032328792411692,0.5799374822392726,0.07353494022189064,0.09422487385121434,0.05084520599259417,0.014391979569673865,0.6665286404416874,0.8522726697630089,-0.007749975703820141,3,0.37525124281478894,23.333333333333332,4.189935029992178,520.9679360405834,520.9679360405834,28865.492753623188,126356.51085771126,62779.156775980446,0.0,0.6921800528589067,1.0,17,15.285714285714286,24.684057971014493,0.0017609480585085852,0.4026804747451736,0.10670566915861368,1.5578588133141407,1.8754797461458148,0.43434989151629344,0.8390208650737838,29.221326057732618,M87181216
29.4,59,12.776541002947551,28.0,32637.814285714285,147778.5,2284647.0,33235.51540619628,20287.75,0.4260869565217391,1110.1297376093294,1802.5422758966254,326.0,14019.0,0.03342116847821552,0.6775052236883533,0.01624518551245722,0.06900144794498732,0.04814172045629847,0.07244573254990067,0.35784313725490197,0.07338942218831535,0.09433825839276179,0.08839682197033846,0.024489213145095754,0.7054520358868208,0.8697507063683521,-0.026197199645866143,5,0.30340315602862805,14.0,5.761944116355173,1038.0759756379339,1038.0759756379339,33110.82608695653,157035.14216247897,74371.69515748363,0.0,0.7637515520613045,1.0,23,19.642857142857142,12.985714285714286,0.0025736873415567506,0.3100610746548157,-0.14345158319436546,1.6093038865299107,2.0194459839951913,0.4345762245900528,0.8602322060009036,34.49100333508322,M87149014
27.2,57,11.431285392040815,26.5,36437.94285714286,147894.5,2550656.0,39397.02770700773,20723.5,0.39420289855072466,1339.6302521008404,2174.2296713334263,469.5,15617.5,0.036756520483276635,0.6545602385147039,0.022149785739530994,0.09114706818205076,0.053288271830471315,0.09384738494193698,0.5462489343563512,0.06849018929235633,0.09795309212276808,0.05247505473565861,0.01626325153935568,0.6895790200138043,0.8475187536557383,0.07067544617141056,4,0.3118092956769117,17.5,4.5,802.7385760458229,802.7385760458229,36966.02898550725,160464.67221995056,91868.42527890258,0.0,0.7384837018283178,1.0,20,17.2,21.522774327122153,0.0017077965844281289,0.2434973625286695,-0.3212754836152847,1.4711704989409147,1.0284594826231048,0.4202678452956182,0.8179487395686553,31.251884138988824,M87151453
29.714285714285715,60,12.330152191324506,28.5,43024.05714285714,193635.0,3011684.0,46458.589055780394,25303.5,0.4306418219461698,1447.925,2314.3143376623702,495.75,18491.5,0.036200155209312995,0.6798260572987722,0.02166776161177172,0.09825374449788642,0.052741112255178746,0.08984948293358903,0.3954274199798497,0.072729613630802,0.09484786548377641,0.07661544976910943,0.022025074172858927,0.710213940648724,0.8729336634111429,-0.029860751060025625,4,0.2608697654351226,17.5,4.153311931459037,885.5873724330787,885.5873724330787,43647.59420289853,204394.30867637144,102720.55703927143,0.0,0.7457379615630637,1.0,22,19.514285714285716,15.483022774327122,0.002338054767273067,0.4866110653792718,0.005024628908324225,1.7005463138233694,2.005452957653759,0.41495704490034396,0.8609344003466332,34.45499281948761,M87193409
27.057142857142857,52,11.3564150710207,25.0,31451.27142857143,127273.0,2201589.0,28968.707090544358,22232.25,0.3921325051759834,1162.4017951425553,1779.8480368217968,403.0,11011.5,0.04619820047110857,0.6517985611510791,0.02232574424748857,0.10218106279867102,0.04658385093167702,0.07640066888082472,0.4113384484228473,0.07253883732669425,0.09499384909037888,0.062117767042563624,0.0187290354993565,0.6894409937888214,0.8585242592119727,0.024290291537741284,5,0.3805450849754357,14.0,5.761944116355173,1050.8923049016666,1050.8923049016666,31907.086956521733,135436.14980869537,67506.36333483027,0.0,0.7300812074087432,1.0,20,17.214285714285715,19.024016563146997,0.0024284146472308555,0.35539660862871897,-0.4554330625141674,1.410590876328862,1.4531035785468145,0.41971966999548527,0.8683189898250291,31.392547501404593,M87164412
27.228571428571428,60,12.279101210211286,25.0,33995.52857142857,172841.0,2379687.0,35017.99684344831,23050.25,0.3946169772256729,1248.5241343126968,2110.253136982803,327.0,15457.0,0.03289297059178075,0.6371023684471311,0.01542560064999825,0.07187687896327902,0.049371089015316276,0.0736738220723795,0.3536363820890676,0.07001275115883383,0.0968706816373535,0.0727928266684346,0.020245854273758683,0.6931677018633553,0.852341004666134,-0.06523575939776283,4,0.3625576358664846,17.5,3.2015621187164243,844.4328016734415,844.4328016734415,34488.21739130436,182776.33218717691,80891.02030578008,0.0,0.7576984864196639,1.0,19,17.114285714285714,17.79337474120083,0.0018486077582357987,0.6242380105833233,0.08748108269634614,1.9364510015820584,3.750307644355882,0.4509638429773295,0.8725617010278834,32.77216042752513,M87121943
25.65714285714286,56,10.444254352494093,24.0,32042.9,137881.5,2243003.0,31986.810211688375,21239.0,0.3718426501035197,1248.8880846325167,1900.0934526022513,468.0,14021.0,0.039160603801903754,0.637095531587057,0.02132463317150508,0.09761122184908796,0.05306296431616125,0.07403869782168408,0.25980392156862747,0.07140447724434289,0.09584943878383641,0.045287435813063985,0.012033950749233297,0.6783988957902024,0.8571728089177569,-0.03229970147258912,5,0.34213377680669627,14.0,5.549774770204643,476.6027607324513,476.6027607324513,32507.28985507247,146743.2227100867,73497.02976577493,0.0,0.731114371114716,1.0,18,16.214285714285715,29.295652173913044,0.001336737737375759,0.6046996169441808,0.7296763617106379,1.5245179455092757,1.616189942762614,0.4070700471462063,0.8554096109193522,29.831933958572563,M87164886
34.114285714285714,64,14.162871840679424,33.0,35255.74285714285,171150.0,2467902.0,36043.271284541035,24029.5,0.49440993788819876,1033.4597989949748,1824.5944914601237,278.25,14326.5,0.029285937124301765,0.7013681565325716,0.01357136497531077,0.05746269946887035,0.045155243256722974,0.06485702783819723,0.3166074642417353,0.0735025818062401,0.09425011805579489,0.1310527988951265,0.04086683340822393,0.7448585231193934,0.8804596383974346,-0.09793043109847736,3,0.3241288483619712,23.333333333333332,3.39934634239519,758.9435639867172,758.9435639867172,35766.69565217391,179924.2828033917,80276.01495661956,0.0,0.7911904472086702,1.0,25,22.12857142857143,9.23416149068323,0.00317147768683163,0.1522150744856384,-0.3272674657331307,1.7195303420309944,2.5059681159417586,0.41515955981891106,0.8560594750060536,40.01674845007582,M87108094
24.285714285714285,48,10.064283179559652,23.0,29018.585714285713,143750.0,2031301.0,27421.09302994574,19708.25,0.35196687370600416,1194.8829411764707,1782.7991060334593,455.25,15216.0,0.034884551171293444,0.6503127945839403,0.016207335124035577,0.08512443441560794,0.0483966630130313,0.07142008905644154,0.37061665245808467,0.07125293115841229,0.0959621492415048,0.06639815041245954,0.017739896642214308,0.6619737750172568,0.8546188649795851,0.0818218950836564,4,0.3864462765186726,17.5,2.598076211353316,862.4723070991784,862.4723070991784,29439.144927536225,151661.46481295233,64243.863744741626,0.0,0.7009626844484252,1.0,21,16.285714285714285,17.688612836438924,0.0019721473636095713,0.32272165700139344,-0.3646707075487572,1.7980213949231558,3.4264843440647548,0.4144116603348092,0.829013880531496,27.902989205729874,M87151117
24.4,53,10.023401190642398,23.0,29277.942857142858,112112.0,2049456.0,26004.032822751447,22444.0,0.3536231884057971,1199.9156908665104,1799.8044938158937,404.25,13794.0,0.03682795038661315,0.6377872340425532,0.017964441577961277,0.08832314472247503,0.05160962935898999,0.07489492040866852,0.38292128445581125,0.07455907307553374,0.09341658796932967,0.07097297898150862,0.02148790700466102,0.6637681159420324,0.8551483904225332,0.03744721949368047,6,0.40445261742315547,11.666666666666666,6.5489609014628325,285.94945024029266,285.94945024029266,29702.260869565212,121554.228979614,60455.2485257825,0.0,0.7088538967438569,1.0,18,15.628571428571428,16.14575569358178,0.002280967895559878,0.4746338118006195,0.23658276791365251,1.28824218401504,1.0244583375810494,0.41079513076403273,0.888025396121265,28.09524898573672,M87123449
31.257142857142856,59,13.205719231006059,30.0,37354.22857142857,155131.5,2614796.0,37539.20155352703,24636.75,0.45300207039337476,1195.0621572212067,1938.4720305748865,418.75,15602.5,0.03492577153464339,0.68891722994516,0.01940063833863742,0.09865168658965678,0.05365668006332968,0.08070486531126345,0.38498152884342146,0.07315012512512106,0.09452393072599877,0.06972954871029526,0.02042991737822952,0.7211180124223621,0.868034828781911,-0.010410038048738947,3,0.31117457470424015,23.333333333333332,3.39934634239519,883.7468607063402,883.7468607063402,37895.59420289855,165643.23330941095,84855.4966525466,0.0,0.7620518567860258,1.0,24,20.7,18.910351966873705,0.001846912822977847,0.18201239970316413,-0.37595371293397584,1.6488447314406975,1.9154996215774442,0.422486447061437,0.8365703288372557,36.28527932252759,M87143273
25.857142857142858,51,10.16476507252341,25.0,26973.542857142857,140843.0,1888148.0,28012.41560180348,18723.25,0.3747412008281574,1043.1756906077349,1719.13073500823,350.0,13727.5,0.031092297497773893,0.6391314338235294,0.016241382249203594,0.07082186983096588,0.04983863110461576,0.08808842891307538,0.5019892014776925,0.07195224505841409,0.09543892663252355,0.10524219410659388,0.030338473774855632,0.6790200138026241,0.844152689676069,0.08072287165331084,5,0.3405073011167245,14.0,5.440588203494177,1078.9607637570218,1078.9607637570218,27364.463768115944,150038.92399126856,63172.053405547296,0.0,0.7047149819879948,1.0,21,16.742857142857144,11.095238095238095,0.00280231007490666,0.2991928538005453,-0.44047809992392795,2.0112585277051855,4.189057157210873,0.3931124613683087,0.8345640088430805,29.389046399542906,M87190609
34.51428571428571,64,14.140865660653633,36.0,43960.81428571429,181462.0,3077257.0,42849.885412096446,31542.0,0.5002070393374741,1273.6990894039734,2227.1254877575643,299.0,18826.0,0.02816072474081709,0.7335734142026787,0.01404248716992488,0.062365374699402225,0.046101352266861954,0.07830611497805173,0.3743666109395009,0.07359222475793958,0.09418013984323441,0.10243396558689426,0.030197174774592765,0.7465838509316782,0.8873452472509467,-0.044688625799720036,5,0.307371005291088,14.0,5.366563145999495,674.5358871445388,674.5358871445388,44597.92753623189,194700.50363311067,97365.00147850148,0.0,0.7923525241481282,1.0,29,24.071428571428573,10.771842650103519,0.002614290391676531,-0.17799461375947026,-0.40155874044191986,1.572749083230158,1.907875667078887,0.4097105116911235,0.8004071441482875,39.98242406398506,M87199728
25.771428571428572,62,11.009309604111587,24.0,33795.72857142857,153571.5,2365701.0,34740.023072786746,22013.75,0.3734989648033126,1311.3641906873613,2143.0519428696603,356.0,13851.0,0.038834150090039835,0.6395847438501467,0.021680119202655494,0.10935435301005243,0.048386919985385454,0.07548044606858378,0.37749360613810745,0.06988855522209123,0.09696032247617058,0.088298188495099,0.024167696157164992,0.6802622498274681,0.8665311432035787,-0.047819415040856315,5,0.3572480099264766,14.0,5.329165037789691,849.592593286941,849.592593286941,34285.52173913043,164821.76370812138,80367.733801291,0.0,0.7215371072054866,1.0,19,16.1,12.726086956521739,0.0030515389548032667,0.7675533664959932,1.1262943246698507,1.741675392354152,2.542012729388772,0.4271905057027778,0.8686574700463036,30.400654640908545,M87141220
27.228571428571428,56,11.315187554245625,25.0,30325.77142857143,147389.0,2122804.0,31535.11174080247,19917.75,0.3946169772256729,1113.748163693599,1835.2054079473412,328.5,14158.5,0.031741115501050535,0.6420938358720358,0.016382723411322762,0.07405835336036243,0.04769719481995697,0.08612270529748242,0.5394998579141802,0.07125690540201912,0.09595919819507655,0.11420101888803084,0.03331299534113298,0.6899240855762608,0.8533930174171339,-0.0022507732845290273,4,0.33786986717825795,17.5,6.5,582.9583819732538,582.9583819732538,30765.27536231884,156430.35941049154,71673.46351694729,0.0,0.7390097972452666,1.0,20,17.085714285714285,9.788819875776397,0.003242588575932193,0.4413302140809798,-0.056700366142158565,1.7941614514190003,2.6976013405246384,0.4155630266512035,0.866554772143965,31.647060689362984,M87145479
29.4,58,11.555332720684174,26.0,36287.2,175419.5,2540104.0,37678.4092887615,22905.75,0.4260869565217391,1234.2585034013605,1944.0869505179155,450.5,15511.5,0.03557257513864629,0.6687317461722276,0.016873651013478288,0.07575642071841576,0.050403891768524584,0.06754481664104327,0.25930396684872387,0.07237384097213195,0.09511961642403127,0.04970476462009467,0.01411278072167657,0.7081435472739832,0.8738628219711106,-0.037519711201711284,3,0.28886710218344097,23.333333333333332,4.642796092394706,1254.9523520826751,1254.9523520826751,36813.10144927536,185073.56842721096,84913.2775076674,0.0,0.7291304843668422,1.0,23,19.67142857142857,23.57846790890269,0.0015086889986272135,0.554114599231366,0.031006315999251743,1.8204257111054802,2.7038594487577043,0.39303852791442767,0.8869124310346276,33.88121090284281,M87181205
28.8,54,11.549397015800066,26.0,38847.54285714286,185184.5,2719328.0,43657.930748256855,21723.75,0.41739130434782606,1348.873015873016,2390.203998098452,299.25,17474.5,0.031082213550788985,0.6677067082683308,0.017286865188022766,0.07413478453054496,0.04673939009068713,0.08347776928831248,0.5482082424537666,0.06917450291688965,0.0974710338096171,0.13184955598406095,0.04148145126433565,0.7014492753623203,0.8654104031162424,0.011685564162468468,4,0.2995144920871379,17.5,5.5,1361.1639725393259,1361.1639725393259,39410.55072463768,198150.72883796628,99316.822277837,0.0,0.7310903352001817,1.0,20,17.97142857142857,8.931884057971015,0.0034799168181152682,0.42655131521969325,-0.3317457100854928,1.7487698629030235,2.175472770279473,0.4010207297152801,0.8480479711449594,33.03993259130896,M87188762
24.34285714285714,51,11.903043685528162,22.0,24632.85714285714,116788.5,1724300.0,25981.17155407833,14504.0,0.3527950310559006,1011.913145539906,1588.7194222604476,369.0,11342.0,0.037306026654397646,0.630498651748702,0.01654926457896015,0.08371767846567851,0.04390106767344618,0.05858156581229306,0.26463483944302363,0.07161523910193247,0.09569206766544094,0.05125340132341586,0.013105015620433685,0.6647342995169113,0.8568301566480453,-0.01654268141695627,5,0.30540472715909195,14.0,6.099180272790763,389.4778033823924,389.4778033823924,24989.855072463768,123933.77654030162,58336.2924359789,0.0,0.7407866853883667,1.0,20,15.528571428571428,22.700828157349896,0.0016433773427036403,0.4928184763139355,-0.5064422071217414,1.5670115725494826,1.700409583363597,0.48897479928812876,0.9027818773727194,29.84542388541829,M87141793
26.685714285714287,54,11.925414466763058,25.0,35573.94285714286,158132.5,2490176.0,35374.526800019616,24659.0,0.3867494824016563,1333.0706638115632,2031.3771095689533,559.75,14530.5,0.042853247849248044,0.6588649544324772,0.020541529463205324,0.09918176753751283,0.05598790240733974,0.08819960323440827,0.4556692242114236,0.0733215774940897,0.09439099829693767,0.033272329878238485,0.01029246967153212,0.6831608005521075,0.8705015110708895,-0.0029148463093758466,4,0.28330903603164764,17.5,2.0615528128088303,735.9257866148685,735.9257866148685,36089.50724637681,167385.1354828081,79871.58343100655,0.0,0.7212039924203018,1.0,20,17.314285714285713,43.2871635610766,0.0009899758802348804,0.3025845989988193,-0.4685357930820584,1.583492835220163,1.899829815700115,0.44688383976092827,0.8704159957870694,31.65576242024229,M87154559
33.371428571428574,64,13.414460671306946,31.5,44686.58571428571,187455.5,3128061.0,42559.573889681094,30576.5,0.4836438923395445,1339.0672089041095,2190.658902034601,428.25,16218.0,0.03795933851942302,0.7164686678153623,0.018558928262344853,0.08570196250493883,0.05382515324970568,0.09342883470420518,0.5439187269110541,0.07597015118461736,0.09227269593276584,0.06073675825860872,0.020585805267581737,0.7394064872325751,0.8913429558862168,-0.06107856260191078,3,0.3216401351435475,23.333333333333332,3.0912061651652345,1396.373618117311,1396.373618117311,45334.217391304344,198439.70405810245,95309.12796051212,0.0,0.7827582689517518,1.0,26,22.571428571428573,21.198136645962734,0.0017906922270289507,0.36511415970550315,-0.13547424882217296,1.5423814688630821,1.5702003566653762,0.4019744208011499,0.8572572092605951,38.607546202894554,M87131806
28.114285714285714,55,12.02680679285458,26.0,36587.21428571428,161039.0,2561105.0,36763.40302078097,22559.25,0.4074534161490683,1301.3744918699188,2101.931355206866,425.75,14513.0,0.038202121946889246,0.6609961251299499,0.02048132541396242,0.0954500146802202,0.05435645272601794,0.07663809807394249,0.33002983802216534,0.07237122306494637,0.09512160825910201,0.0647853006165918,0.017611620829576617,0.6977225672877861,0.8633077451160714,0.006475319498086764,4,0.3589461474564256,17.5,3.2015621187164243,767.680280982858,767.680280982858,37117.46376811595,171689.9258163025,83431.21778880057,0.0,0.7471932054156767,1.0,21,18.385714285714286,17.128985507246377,0.002230261794005718,0.3219811842887463,-0.5621506047768872,1.574078821246422,1.8120724758224114,0.42778276194096576,0.8319992937859328,32.91775376697936,M87152844
29.485714285714284,59,12.254145487656537,27.0,38740.014285714286,194661.5,2711801.0,40049.41474014779,26090.25,0.42732919254658386,1313.8570736434108,2232.8775499932635,359.25,18310.5,0.031444239940164244,0.681932300233746,0.012721239937166692,0.07223869174727272,0.05533532253481103,0.10021919344021955,0.5170502983802217,0.07090672928745294,0.09621824165650791,0.054150748249536154,0.017402976980366566,0.706349206349207,0.8820332722839559,-0.05107465769599624,3,0.3358277428217157,23.333333333333332,3.39934634239519,1098.4476086906784,1098.4476086906784,39301.46376811594,206506.01476705674,91382.54507037078,0.0,0.746665889979974,1.0,23,19.442857142857143,22.122774327122155,0.0014213515662732286,0.5497681927033571,0.0697966106126211,1.90684532709738,3.3598346887470605,0.4155960194457159,0.8709465129085491,34.34445981622163,M87120962
25.714285714285715,54,10.331841015787564,24.5,28705.35714285714,138429.0,2009375.0,27235.316634072078,22123.5,0.37267080745341613,1116.3194444444443,1798.913160744479,377.75,13313.0,0.036350933553849905,0.6398629662419647,0.014522012275013558,0.08038436394013361,0.05550785531603946,0.08186252100745244,0.3720517192384199,0.07469599965230693,0.09330713757080346,0.06809564362196115,0.02097947405943562,0.6781918564527284,0.8606998227345671,-0.02445046296781895,4,0.3886137204398085,17.5,7.123903424387503,881.7433013936549,881.7433013936549,29121.376811594204,146567.85910163628,61057.7946631254,0.0,0.715963681256873,1.0,18,16.5,17.746997929606625,0.0020482863466844193,0.748531108632724,0.6111585268497453,1.87101954150795,3.6854438403200414,0.40179381728062746,0.8953490774255684,29.737153909765734,M87124827
27.34285714285714,55,11.560877023436433,25.0,40829.91428571429,168504.5,2858094.0,40050.23826877326,27311.25,0.39627329192546584,1493.257053291536,2329.1114558422314,501.0,15006.0,0.04383946451150374,0.6571533725910065,0.02314640799888691,0.10640638914601164,0.048846872082166204,0.08237478525721081,0.3721938050582552,0.07128394032482499,0.09593911682666816,0.07007702614389417,0.022298154609506536,0.6904761904761931,0.8658311062740113,5.53654416933354e-05,3,0.33668650096016994,23.333333333333332,3.299831645537222,1361.2390802433426,1361.2390802433426,41421.65217391305,177582.8098841124,92894.84214732915,0.0,0.7323794737741205,1.0,20,17.3,17.414285714285715,0.0025174425888476303,0.3836884751150226,-0.2843901702298668,1.5006746165165734,1.3821783437878157,0.4228115943785529,0.8377254050499611,32.034782326023596,M87174803
25.771428571428572,56,11.130615986768117,24.0,25226.885714285716,111993.5,1765882.0,21723.299537292645,19727.5,0.3734989648033126,978.870288248337,1545.3792595318696,258.0,10522.0,0.038676007469458415,0.6349700149925037,0.019509340933781472,0.09104986771533088,0.05063782034552951,0.07530261948460097,0.386578979417854,0.08060537010484133,0.08825241410848679,0.1052658866098962,0.030173159694818315,0.6752933057280922,0.8420279972327778,0.010072914540996885,4,0.4191269445381471,17.5,6.34428877022476,741.9178687048097,741.9178687048097,25592.49275362319,118663.8055603441,47583.439302111015,0.0,0.7123914771310063,1.0,18,15.971428571428572,11.456728778467909,0.0033758333829240306,0.41599711792910743,-0.02485674056618903,1.570032901082647,3.09198319144046,0.43189751611627947,0.8022401436891108,30.08023612684437,M87182922
31.857142857142858,62,12.882197809697043,31.0,42194.642857142855,202043.5,2953625.0,39736.1667029405,31455.5,0.4616977225672878,1324.4955156950673,2237.0849957046325,388.0,16679.0,0.03342816324553235,0.6872979559357437,0.01549117412980892,0.07164272797627902,0.05047750984451751,0.0871991483510021,0.36498294970161976,0.07418405784412663,0.09371467253047176,0.1197955669567171,0.03385330686507647,0.7280883367839898,0.8681049947012742,-0.02714326932708864,6,0.3559326638560319,11.666666666666666,5.055250296034367,860.8040412802278,860.8040412802278,42806.15942028985,212628.36030522437,90491.59587317653,0.0,0.772680732219565,1.0,25,21.614285714285714,9.415942028985507,0.0035501666368196586,0.30119376549133076,-0.14980235439867862,1.8194103596552071,3.2414919608013797,0.40437392227748564,0.8098166197732444,36.64916945648279,M87196591
27.685714285714287,58,11.923018382395407,25.5,39661.41428571429,144857.5,2776299.0,39236.484456522594,24259.25,0.4012422360248447,1432.5588235294117,2306.4399582155866,414.5,15492.5,0.037619810055495674,0.6501264837517027,0.02193796290474583,0.10311691026605557,0.04417143669061827,0.06928676840727775,0.37723785166240403,0.07181493256463693,0.09554229297254138,0.09759421572436716,0.025960326229925782,0.6958592132505189,0.8556903976688659,0.0037550750000403792,5,0.33538650003023673,14.0,7.293833011524188,759.360124070924,759.360124070924,40236.21739130434,156964.650312883,90181.74300148446,0.0,0.7424255631740484,1.0,21,17.614285714285714,11.222153209109731,0.003352280917440808,0.3924467873665538,-0.2225646466286042,1.3185515350467119,0.65304163408504,0.4306559787242923,0.8465429806226048,32.43953978539102,M87139021
28.885714285714286,60,11.669915971227478,27.0,35903.385714285716,166258.5,2513237.0,35799.545049700144,21641.75,0.4186335403726708,1242.9460929772501,2032.9310457581162,397.0,16748.0,0.03226678648621793,0.6613671531296459,0.016106402828551383,0.09694116608155337,0.05689304707390204,0.09773882960902708,0.5608736248122438,0.07591211392445074,0.09232044868411061,0.1099697084876153,0.02973845749472232,0.70648723257419,0.8682098427995258,-0.03225808369862363,5,0.3314252949744434,14.0,6.6932802122726045,603.877744446256,603.877744446256,36423.72463768117,176140.9132713963,78202.00630719343,0.0,0.7512671056702419,1.0,22,19.071428571428573,12.303933747412009,0.0026224772620386454,0.5004084159820321,0.1697528561397803,1.6956054719395695,2.39011948772089,0.40400302571015007,0.8844594921726407,33.497979617669856,M87129719
30.742857142857144,64,12.488492662430955,30.0,34977.65714285714,159545.0,2448436.0,34515.38805865569,23598.25,0.4455486542443064,1137.7490706319702,1900.2510765795892,276.0,12855.0,0.03573509564607468,0.6680369441033581,0.01630925296065154,0.07478999017874675,0.05130093100041949,0.07403328098513103,0.29140617599696883,0.0724392232068801,0.09506983342205923,0.13430056531415832,0.03503020722648941,0.7189095928226369,0.8607858136320468,-0.01447773745948477,4,0.34825137999115247,17.5,6.103277807866851,1469.880450995467,1469.880450995467,35484.57971014493,167976.02219841385,78888.10806058088,0.0,0.733074248553585,1.0,22,19.52857142857143,8.226915113871636,0.004343681094487133,0.21760916246839834,-0.24942074963585492,1.6408124455652537,2.052806931327673,0.4062242037036091,0.8580460968477543,35.436917895229634,M87124781
28.82857142857143,57,11.59676239125316,28.0,38156.31428571429,167054.5,2670942.0,37387.005541380604,26391.0,0.4178053830227743,1323.5589692765113,2131.4090525513043,436.0,17332.5,0.0339680217035427,0.6715366314890502,0.015265914304750553,0.06452943316169074,0.05595339585109406,0.08851921439440608,0.5011366865586815,0.07453992217821222,0.0934318697628403,0.06753459251589584,0.02158654828152706,0.7022774327122167,0.8711733931818287,-2.0691392033774112e-05,4,0.3486476228350035,17.5,6.5383484153110105,911.484235213948,911.484235213948,38709.30434782609,176181.68301367707,83744.27768179902,0.0,0.7289901289578735,1.0,20,17.87142857142857,16.98654244306418,0.001999701929771604,0.3882323018901342,-0.2332168315825096,1.6592066950530728,2.072378273760097,0.4022662871098717,0.8646934429871084,33.19740397618135,M87146993
25.6,53,10.697663296253065,24.0,28950.842857142856,130665.5,2026559.0,27785.79595116166,19703.25,0.3710144927536232,1130.892299107143,1859.4375188639706,323.25,14533.0,0.032002449735953495,0.6288632088148347,0.014719837130598526,0.06346191485609495,0.05104717249218529,0.07530182414743455,0.30714691673770966,0.070790876402081,0.09630351034069101,0.0543820690454451,0.017476012973790575,0.6756383712905482,0.8532230351736728,-0.011620431974280351,3,0.3790582701180831,23.333333333333332,7.760297817881877,1131.460755287502,1131.460755287502,29370.420289855065,139598.24487549614,65127.17159638417,0.0,0.7082325699827356,1.0,18,16.257142857142856,24.464182194616978,0.0013081348675941112,0.5522191877085666,-0.2888189724019381,1.534119801062124,1.8722488782127158,0.41787747250988533,0.8735686014882994,29.892963607650646,M87159410
27.142857142857142,60,12.097562581287326,25.0,42514.28571428572,191357.0,2976000.0,41719.004704397135,27619.0,0.39337474120082816,1566.3157894736842,2519.2972582726647,402.5,18700.5,0.03370394399462655,0.6445023032245143,0.016777802382918258,0.07227818352868409,0.056866804692891654,0.08704145869280414,0.4283177038931515,0.07070289304790273,0.09636812336229815,0.07872224658992545,0.022155620745388058,0.6898550724637694,0.8538430583862541,0.012964266516287893,5,0.36821526020004797,14.0,3.3466401061363023,1263.0986494015292,1263.0986494015292,43130.43478260871,203953.369260623,97356.18984633413,0.0,0.7626249875016673,1.0,21,17.242857142857144,14.838509316770187,0.0022713834169672976,0.4604959648421066,-0.17529944260158237,1.5904368646835523,2.0751459721543375,0.4456996740474278,0.86225105570342,32.025400255621896,M87150194
29.428571428571427,55,11.451227543145666,28.5,28394.5,121465.0,1987615.0,28481.19671981599,19053.5,0.42650103519668736,964.8616504854369,1584.3799300216879,288.75,11597.5,0.03562068260843634,0.6847450621475598,0.01648446716814128,0.07785375245464876,0.056712540088499165,0.09582652764290038,0.5076015913611823,0.06953688181698456,0.09721284047328836,0.10524334372690958,0.03430780988721855,0.7053140096618382,0.8730344353701389,0.04311073309197176,4,0.3471549633277834,17.5,6.800735254367722,1381.3129324902534,1381.3129324902534,28806.014492753624,130044.23994194169,67075.06304251458,0.0,0.7298291759677406,1.0,22,19.014285714285716,11.469979296066253,0.003105557707558619,0.2489974671920302,-0.261558773057748,1.6434742611377642,1.905693734374676,0.3891193825340761,0.852933337744596,33.437481777638325,M87124633
31.62857142857143,63,12.529019376256558,30.0,34119.95714285714,144973.0,2388397.0,34255.14606342724,24505.75,0.4583850931677019,1078.7700993676604,1814.6736767426235,324.5,14946.5,0.030520260390952122,0.6775126903553299,0.01589807307068389,0.07252982816002615,0.046738014046198186,0.07866228772482785,0.4053566354077864,0.0749293843444934,0.09311982413787882,0.13289485332904047,0.03846520152479439,0.7249137336093873,0.8673500957585571,-0.04171775189544371,4,0.316345753286154,17.5,5.894913061275798,521.9791582627263,521.9791582627263,34614.449275362334,155351.830508956,75907.66578431192,0.0,0.7620535323670555,1.0,22,20.085714285714285,9.354037267080745,0.0032627901214762893,0.38259992136481497,-0.02287073332046763,1.5497621029789237,1.6287027383857424,0.39612979057721726,0.8826379212194885,36.35056854547871,M87153569
25.857142857142858,54,10.222224686975943,23.5,28405.128571428573,125898.0,1988359.0,26064.232128077867,20089.0,0.3747412008281574,1098.5408839779006,1699.8924611704028,314.0,13017.0,0.034947517418799125,0.6399648223913127,0.016147920562836454,0.07812050115434704,0.05553322778386717,0.06435929866232348,0.3312304631997726,0.0740727964793836,0.09380263912832146,0.06568088276590847,0.016913939285315614,0.6781918564527286,0.8529061633919905,0.02619224337209928,6,0.3776311621386468,11.666666666666666,3.7712361663282534,744.702979987682,744.702979987682,28816.79710144928,133536.74285129568,59767.60434880263,0.0,0.7099369665929076,1.0,18,16.757142857142856,16.87743271221532,0.0020706654865526603,0.4185438175672085,0.09131601948316304,1.5464601413368024,2.1582168162001265,0.3953346564023845,0.8696025860103423,29.552570280592764,M87123913
27.4,59,11.523144412132355,26.0,36045.614285714284,165627.5,2523193.0,34688.855503416926,25450.75,0.39710144927536234,1315.5333680917622,2070.277292971588,439.0,14558.5,0.03919811588454983,0.6669781411646921,0.017465136327911322,0.08446611797456176,0.051134656761255226,0.0757522486911022,0.3407928388746803,0.07232527423096226,0.09515654992237997,0.0793997711556306,0.022945883317406334,0.6907522429261584,0.8661065840843748,0.039724319591942094,4,0.36083614347448256,17.5,2.958039891549808,993.098814961859,993.098814961859,36568.01449275362,175295.08737814918,79866.65379371756,0.0,0.7346468701108971,1.0,20,17.514285714285716,15.369151138716356,0.0025504411747117274,0.3507366306301475,-0.052450848280432893,1.7320799015946005,2.648592312523852,0.42055271577125386,0.8413836645617213,31.681284227293165,M87165441
25.37142857142857,58,9.952991551102942,24.0,37301.642857142855,156340.5,2611115.0,34572.267930291724,26505.25,0.36770186335403726,1470.2224099099099,2179.749417711486,577.0,17099.0,0.03906592684261927,0.6341949101915648,0.020452858477609463,0.10967878701056125,0.05272804774083547,0.06854759376584099,0.26356919579425964,0.07233217662061521,0.09515130325454514,0.04435576913743669,0.013457281109560456,0.6776397515527967,0.8553113207461368,-0.01078277693556952,4,0.3998720663697918,17.5,3.2015621187164243,1096.5151400642499,1096.5151400642499,37842.24637681159,167266.26129194727,80609.61587696109,0.0,0.725771647671563,1.0,17,16.12857142857143,27.285300207039338,0.001431757266593704,0.9084596510775441,1.4140980777802001,1.5724553479438839,1.9115287536373282,0.3922913336583367,0.8653646694554934,29.13063132390137,M87157827
27.0,55,10.936178491593852,26.0,31041.4,125052.0,2172898.0,28779.971454815586,21347.75,0.391304347826087,1149.6814814814816,1750.4706328988188,365.5,12982.5,0.037525505778257626,0.647343163165948,0.017286880313792156,0.07858198816825127,0.052381967279665494,0.0777046492976443,0.2985933503836317,0.0742029989273744,0.09369967575129787,0.07567148165289174,0.021358634982072706,0.6886128364389256,0.8553945464626757,0.019791574741311945,6,0.3399386487911567,11.666666666666666,4.988876515698588,546.1861371402649,546.1861371402649,31491.275362318847,133602.9071470036,66158.48246399334,0.0,0.7104540870124358,1.0,20,17.242857142857144,14.978674948240165,0.0025052620413974916,0.23362320365463363,-0.0966448122184631,1.4887385768128207,1.526774686014507,0.40504364783680935,0.8572645987379646,31.038475376091004,M87135647
28.314285714285713,59,11.503468864580256,27.5,35084.75714285715,152480.0,2455933.0,34706.745284572025,22865.5,0.410351966873706,1239.1185671039354,1878.797579952745,429.5,12720.0,0.043262366915955,0.6489274447949527,0.026976134330739206,0.11757749581938173,0.04509980320630668,0.07084188902413247,0.33960303928334623,0.07564493097238348,0.09253949807459312,0.14316768279187952,0.04365659363319884,0.700345065562458,0.8551864486755326,0.00507853747589258,3,0.337374975446431,23.333333333333332,2.3570226039551585,554.8714511082612,554.8714511082612,35593.23188405796,160705.6243961745,76425.38936034389,0.0,0.7346249662038057,1.0,22,19.0,8.145134575569358,0.005311436725148387,0.4316355904575172,0.0679694052645603,1.656974751115172,2.131887317786041,0.4062779114634803,0.8155119628817645,32.581568813667,M87162915
24.428571428571427,50,10.753831780308992,23.0,24974.385714285716,106736.5,1748207.0,24866.34918335153,15522.0,0.35403726708074534,1022.3432748538012,1711.3999645305369,289.5,12015.0,0.03512017342610314,0.6215789692262967,0.018476706247176806,0.09040858486491181,0.04977367758697682,0.06934670715335335,0.3206166524580847,0.07158928840579236,0.09571148348691795,0.08045492062970828,0.023325004651359907,0.6647342995169115,0.8505351201861343,-0.011948349252685272,5,0.3761868540123832,14.0,7.014271166700073,853.8760972396345,853.8760972396345,25336.33333333333,116264.31433654955,57000.71849272646,0.0,0.710171996085783,1.0,18,15.32857142857143,14.62670807453416,0.0024010989518037313,0.6270886066213296,-0.05937548951887184,1.5974459859991446,1.8906534872210674,0.4402153360360406,0.868830899570073,28.898433079794263,M87187750
31.742857142857144,60,14.217379419253762,31.5,44592.05714285714,209887.5,3121444.0,45709.929844661514,30284.75,0.4600414078674948,1404.790279027903,2212.3678757347907,606.0,18122.0,0.034457750103577864,0.7115449915110357,0.017742850380255474,0.07203620251092288,0.05709069134900336,0.08804421190963278,0.385493037794828,0.07643368509367218,0.09188909657144118,0.15138946836778858,0.04487852919402888,0.7247757073844048,0.8749196819010149,-0.0007828558735315799,4,0.2639817123261743,17.5,5.894913061275798,683.3552546454245,683.3552546454245,45238.31884057973,222010.27118705516,98723.45939420123,0.0,0.7961241908203323,1.0,29,22.414285714285715,7.592339544513457,0.004538489078571108,0.07720163332133509,-0.7909574829662738,1.65658243210845,2.524964698736391,0.44789224093058655,0.8613441806179812,37.46211551556205,M87142764
31.65714285714286,60,12.920510509911542,31.5,40778.75714285715,198381.0,2854513.0,41778.5377435714,26439.25,0.4587991718426501,1288.1376353790613,2268.3159306710972,273.0,17928.5,0.028530244938167637,0.6821230313230012,0.014722888136979747,0.058929141993578654,0.043492686929844405,0.06374627795514769,0.298567301316662,0.07166460546198009,0.09565510237145232,0.12250590479603066,0.0311603270780622,0.7262249827467232,0.8706711711801266,-0.019694018387151346,4,0.34357994066238107,17.5,3.840572873934304,946.8790788661964,946.8790788661964,41369.75362318841,210655.66282681323,94863.88734698159,0.0,0.7617104801663722,1.0,23,20.457142857142856,10.61656314699793,0.0026873334188414074,-0.0037853023557707,-0.5328055245486953,1.844241179788322,3.16688719547577,0.40813886989792775,0.804238425461588,36.7767685246251,M87192637
25.085714285714285,55,10.444058949801976,23.5,27469.985714285714,111294.5,1922899.0,23223.016835054492,20695.75,0.3635610766045549,1095.0449886104784,1682.974922554229,295.75,11520.5,0.03931715413588645,0.6193470859202884,0.017106239627701525,0.09745777704979099,0.05735700077132303,0.08976354063324826,0.3608979823813584,0.07771254775409428,0.09081009969866734,0.1192417529038294,0.03285495897038027,0.6728778467908926,0.8441679550460554,-0.025319232660131676,4,0.4032863466244963,17.5,6.5,1028.0508229725258,1028.0508229725258,27868.101449275364,118473.23659042368,53110.19020969527,0.0,0.6951224305796864,1.0,17,15.685714285714285,9.606418219461698,0.004092800587864642,0.5119105691568255,0.15234157159805628,1.5667194121197383,2.2100365128478554,0.41633492396704913,0.8656685583971262,29.305111793538625,M87161902
29.17142857142857,57,11.783731434932324,27.0,35863.07142857143,156336.5,2510415.0,35011.13819540512,23352.25,0.4227743271221532,1229.390303623898,2054.327694385609,315.0,14686.0,0.03377143502946975,0.650626059542575,0.018192909221228043,0.09716567233055426,0.045689116226200616,0.07082717224543204,0.26183574879227034,0.07155749491568537,0.09573525582096674,0.17029839102451433,0.05287714233029204,0.7048999309868895,0.8533257047547664,0.022893863959209445,5,0.3562730675079493,14.0,5.761944116355173,1424.320269644041,1424.320269644041,36382.82608695653,165158.78404096758,81106.0859694219,0.0,0.7488015676815422,1.0,21,18.614285714285714,6.82008281573499,0.004951763188498797,0.25253647333470675,-0.45734012128467105,1.6288665012862458,1.9355237972805819,0.403947698553018,0.8163750359411144,33.49499150379205,M87191258
26.685714285714287,60,10.841115990448925,25.0,31247.22857142857,139123.0,2187306.0,31584.357088674424,19931.0,0.3867494824016563,1170.9346895074946,1928.8312118224028,324.25,15553.5,0.02944826557894535,0.6425064047822374,0.016296349798062968,0.06481428199023495,0.04313065806032559,0.07391771579901972,0.4086743393009378,0.07061553988394574,0.09643215134286467,0.10218982552661199,0.02630139197335733,0.6860593512767448,0.8478567577189612,0.015221769841403738,4,0.35198539446903815,17.5,3.5,288.4917832332642,288.4917832332642,31700.08695652174,148916.9643446118,73097.64241653398,0.0,0.7289749653128637,1.0,19,17.02857142857143,10.830020703933748,0.0027191328977098786,0.5027552659250233,0.6844545971900291,1.5539019589182523,1.6752456696692946,0.40625166987763633,0.8625155902694635,30.563939434276556,M87102806
29.257142857142856,60,11.808817183160475,29.0,42784.04285714286,186409.0,2994883.0,44753.190430543036,28948.5,0.4240165631469979,1462.34521484375,2389.889392485967,480.5,18191.5,0.03519111453950906,0.6793825408090844,0.0188470098064867,0.08761336560386182,0.05427475337961271,0.08879837232914599,0.4068627450980392,0.07096022112714208,0.09617879861643829,0.07579864332186696,0.023359420302781663,0.7058661145617682,0.8713559066826982,-0.004861392706455309,4,0.31057227550334776,17.5,1.6583123951777,961.9472751262016,961.9472751262016,43404.10144927535,199172.68606445007,102464.67059680307,0.0,0.7430181647065393,1.0,22,18.742857142857144,15.04120082815735,0.002339647940451056,0.533464693875003,0.0861468340943703,1.6510486559395026,1.7993524140585997,0.4036216810650553,0.8863447053483924,33.63772847696449,M87114064
26.97142857142857,55,10.821897679601072,26.0,39306.95714285714,173622.5,2751487.0,34445.067763007275,31531.75,0.3908902691511387,1457.355402542373,2138.788436888376,533.5,15961.0,0.0413096884104157,0.6508247134470226,0.020335088539728773,0.09676052288899309,0.053072006141059856,0.08348608285215157,0.30912713789951646,0.07840071251805598,0.09021664238030272,0.06430605557763852,0.022515064797454246,0.6866804692891672,0.858424344877196,0.03128448328565705,4,0.35193645028982956,17.5,4.716990566028302,1046.3181810596327,1046.3181810596327,39876.6231884058,182775.4865440036,77204.45391275358,0.0,0.7054433291503209,1.0,19,16.914285714285715,19.362939958592133,0.0021334409185153154,0.3151435270509928,-0.14442763977690332,1.6559569088061188,2.8325064197890732,0.40123561312080247,0.8361937380320122,30.887367018265657,M87179511
28.771428571428572,56,11.915381929699619,27.5,39141.97142857143,177614.0,2739938.0,41302.0668621426,24314.75,0.41697722567287787,1360.4458788480636,2214.3584882980253,401.0,15730.0,0.03763414915494102,0.6795202671929558,0.021426570589189262,0.08891481496511508,0.05422654569074007,0.07692107588760622,0.3663682864450128,0.07182727023354601,0.09553301804356147,0.11401779500514317,0.02716956746539918,0.7008281573498988,0.8726464678394523,0.031043168885624955,3,0.33041540037426265,23.333333333333332,3.39934634239519,1063.052699230351,1063.052699230351,39709.2463768116,192557.97281560377,92842.20554992268,0.0,0.7398045905354688,1.0,23,18.928571428571427,9.385507246376811,0.004009815150850726,0.26601862413952265,-0.3890011159639344,1.6278199110394285,2.0967164910683564,0.4141393917969083,0.821653750849258,33.35450328717786,M87146520
31.085714285714285,58,13.057830553943877,31.5,37081.885714285716,163459.5,2595732.0,40173.194843005476,22231.0,0.4505175983436853,1192.891544117647,2093.0083887875644,371.25,15230.0,0.032963065782297116,0.7019973644091884,0.017419642599406874,0.07380366006259453,0.05145443684720265,0.07738859467582568,0.3365485324564608,0.06923585743558584,0.09742746189280269,0.08984500106486956,0.02823559576348846,0.7212560386473443,0.875008807970723,0.04321059644072058,4,0.3031028824607871,17.5,3.640054944640259,756.7721479342782,756.7721479342782,37619.30434782608,173777.35887762823,92600.7601846907,0.0,0.7538253100356734,1.0,25,21.228571428571428,13.641821946169772,0.0024163242939519666,0.0569954615038939,-0.7621590749880363,1.6398803378510756,1.511707286938627,0.4200588873051799,0.8070150562205024,35.8801104430496,M87156106
27.314285714285713,62,11.272650667044752,25.0,27377.6,121411.5,1916432.0,24269.514732272666,20692.0,0.3958592132505176,1002.3179916317991,1545.8049728035176,324.75,11452.5,0.03807734397477366,0.6382245642480746,0.018887024109621058,0.09040293299718208,0.04764239028944912,0.07609677879280893,0.42605853935777205,0.07572337772763238,0.09247531752436754,0.10526382007567939,0.032334059792647876,0.6905797101449297,0.8536984357611179,-0.013290776712567029,4,0.3844009271971217,17.5,2.598076211353316,457.51526836803436,457.51526836803436,27774.376811594204,128406.92538092361,55656.77313950981,0.0,0.7362382452814741,1.0,19,17.357142857142858,10.865631469979297,0.0035043838988997305,0.6055281628629181,0.5552940961623358,1.806481557637059,3.4124126633342,0.4127016457600066,0.8388615692435458,31.570168189204345,M87179597
24.97142857142857,59,11.134209098310393,23.5,29993.628571428573,120443.0,2099554.0,30311.52536290984,19618.25,0.3619047619047619,1201.1178489702518,1889.0552941361564,365.75,13382.5,0.03648606606413834,0.6284697508896797,0.018952599861692593,0.09258249112392404,0.05060893922786506,0.07480396460106518,0.4491687979539643,0.07006857524873802,0.09683031058674871,0.07153605570869967,0.023009575215759442,0.6735679779158052,0.8464921576717743,0.016099213091451858,5,0.3583629904716823,14.0,4.898979485566356,623.1494131342906,623.1494131342906,30428.318840579705,129055.5202754423,70559.75381914875,0.0,0.730996776383872,1.0,18,15.571428571428571,17.02774327122153,0.002142742316640584,0.5976672723403319,0.32033315890060043,1.4916117662034027,1.310671345019232,0.44587793871952375,0.8829040988193546,29.420777132296255,M87141858
33.4,61,13.705473359209451,37.0,32891.75714285715,162698.5,2302423.0,31034.571107849435,22097.75,0.48405797101449277,984.7831479897349,1682.2052257492485,328.0,13893.5,0.031391412629620835,0.72,0.013816530766946397,0.07294304299220979,0.0422837250842366,0.06719961396418996,0.2801932367149758,0.07935187746793863,0.08938117155210902,0.07366741743773686,0.019357516881206634,0.7385093167701869,0.8754373926257587,0.005719425416506785,4,0.33301333114727316,17.5,7.433034373659253,1695.2790598560732,1695.2790598560732,33368.44927536232,170905.34504591837,66776.18470432141,0.0,0.7859438718108254,1.0,29,23.257142857142856,14.809109730848862,0.0021197366486001095,-0.22140238097868384,-0.5778820787708705,1.8158125261495577,3.8542789929658126,0.41034351374878597,0.7796504129817252,38.65082276774641,M87145575
26.257142857142856,52,10.863682241152615,25.0,28033.557142857142,136823.5,1962349.0,26706.445583756802,20606.75,0.38053830227743274,1067.6545157780197,1749.7364629978547,340.5,13787.5,0.031955830670086886,0.6491112574061882,0.014611147313147424,0.06407505578232403,0.05507484153081522,0.1031578533255133,0.5678987537043803,0.0740669976874088,0.09380721794876803,0.11718386715109505,0.0394413890527226,0.680124223602487,0.8588846116494092,0.023661586905466343,4,0.39197551635411654,17.5,2.598076211353316,1100.983887960873,1100.983887960873,28439.84057971015,144490.80029939924,60690.11493903736,0.0,0.7266368691999194,1.0,19,16.67142857142857,9.899378881987577,0.003228064209991209,0.3968822598401278,-0.3821076739437217,1.8244354528699627,3.422539335054621,0.4137419787163673,0.8473970479084878,30.48286921762339,M87185000
29.2,60,12.922405791050341,28.5,32817.4,134422.0,2297218.0,31543.676052827363,25699.0,0.42318840579710143,1123.8835616438357,1768.7632797434821,333.5,15411.5,0.03165969117676952,0.6655127650367806,0.01728098629727054,0.07047510769888506,0.04766979255470305,0.08093272093993763,0.46845694799658993,0.07496414297489358,0.09309184472204857,0.09626610158205134,0.030654577034892008,0.7067632850241564,0.8652943731109748,-0.0277534514261491,4,0.33164732207128583,17.5,3.905124837953327,520.2097202351803,520.2097202351803,33293.01449275363,144499.21077102373,70865.9970781653,0.0,0.7692044192335385,1.0,22,18.614285714285714,13.436853002070393,0.0023561834881940954,0.20271033324822943,-0.5342160611587001,1.3753635901777956,1.278812702440982,0.4425481435291213,0.8398993177831704,34.740644490091256,M87117119
27.97142857142857,62,11.053081572344338,26.0,28058.514285714286,117517.0,1964096.0,26279.933619856838,18890.0,0.40538302277432714,1003.1133810010215,1611.0042144809213,281.0,13158.5,0.031240881668160546,0.6387014764838174,0.015206705837435426,0.06854485852423756,0.05149200259814071,0.08071166982397766,0.3702969593634555,0.07594212839388952,0.09229576057826432,0.11811417874528973,0.03410504232690656,0.6988267770876475,0.8490377152325722,-0.02723230329213337,4,0.3770560473063993,17.5,10.712142642814275,773.0837055327356,773.0837055327356,28465.159420289852,125272.55617991395,58655.90160683125,0.0,0.7242782549951114,1.0,22,18.47142857142857,10.251345755693581,0.0030474907795212556,0.6791093005189186,0.4324347848239216,1.5158035237659684,1.8507481439570421,0.39515613384274956,0.893303501702889,32.18555693884449,M87183189
30.62857142857143,58,11.91897817836439,28.0,37927.614285714284,188115.0,2654933.0,34791.75216937931,28452.75,0.44389233954451346,1238.308302238806,1946.7072135135334,426.25,14573.5,0.03993800559976429,0.6833995753253117,0.015716182869145126,0.08201198205757966,0.053018917712012344,0.0892274482131332,0.430690537084399,0.0776269595738097,0.09088327367035365,0.06656723464289194,0.019825194465512765,0.7180814354727401,0.8750764214880599,-0.03236988292261136,4,0.3391888589152709,17.5,8.845903006477066,1002.6971017838765,1002.6971017838765,38477.28985507248,197379.92285242846,76817.62311090573,0.0,0.7429053506872441,1.0,23,20.014285714285716,18.25631469979296,0.002187626925614797,0.48541441777208805,-0.0055694348655164205,1.9325875257767575,4.339846653357907,0.38914574276376274,0.831733339134433,35.089196177279646,M87159580
26.714285714285715,55,10.885301829456422,26.0,31279.514285714286,150380.0,2189566.0,31861.521450979464,22258.25,0.38716356107660455,1170.8909090909092,1888.9105119946187,358.5,14011.5,0.03480527853530206,0.6465058531394111,0.017704335548041693,0.07594906963520506,0.052281637292598195,0.08148490159517846,0.33081029513254573,0.06926579121605182,0.0974061828270085,0.07780720936379097,0.02587528867852223,0.6860593512767446,0.8558421246909578,0.019928029327060125,4,0.3550711001274749,17.5,5.5,486.60032397243083,486.60032397243083,31732.840579710144,159421.24445402483,74692.06317128747,0.0,0.7263834248152625,1.0,19,16.8,16.012422360248447,0.0021736422979765834,0.49667853294516334,0.1751033680695948,1.7258148192558365,2.4852671934824073,0.40747119147697836,0.8550089161762342,30.8143925931245,M87188000
27.314285714285713,59,12.265564872139118,25.0,26996.314285714285,126122.5,1889742.0,26045.55583713871,17822.25,0.3958592132505176,988.3587866108786,1648.6212265641934,253.5,13269.0,0.029452354333721096,0.6482808493853133,0.014268661319642068,0.06376193468065693,0.047610623959728815,0.06538235750471956,0.26428774408314054,0.07178172250227885,0.09556724648288305,0.13171911983408133,0.0410021504163949,0.6902346445824726,0.8600214919904698,-0.023186459987229614,5,0.3810801121059919,14.0,5.692099788303083,728.4246295256181,728.4246295256181,27387.5652173913,134246.3014286048,60543.05175401643,0.0,0.7669405463831215,1.0,21,17.442857142857143,9.495445134575569,0.0031017349809622768,0.45402684019103706,0.045650839805754906,1.7629796251052863,2.8924393003143596,0.449053107243587,0.8399724737723415,32.40442830327225,M87105476
33.542857142857144,61,13.212208330918484,35.0,33744.81428571429,127699.5,2362137.0,29948.48390798671,24092.5,0.48612836438923396,1006.0208688245315,1830.5100574637404,199.5,18849.5,0.02103289108640197,0.6993794426266501,0.011545101624582693,0.06266941472879112,0.03626153869049837,0.06081431152773992,0.28830355814946773,0.07989843001279548,0.08889294216755741,0.1915167363002301,0.057687261311970786,0.7382332643202224,0.867313088501249,0.014721961360175787,6,0.37656353019232347,11.666666666666666,4.0276819911981905,861.681255705333,861.681255705333,34233.86956521739,138653.19007911556,66178.27256554883,0.0,0.7721461354055744,1.0,26,22.185714285714287,6.3824016563147,0.0032954508692808744,-0.17427197058826752,-0.4801797724040724,1.4931172028233066,1.6018190660389067,0.3938903676168202,0.755104471227796,38.2265826509181,M87111924
27.085714285714285,55,10.208879688280978,25.0,32999.21428571428,148787.0,2309945.0,30023.30362123151,24624.75,0.39254658385093166,1218.3254219409282,1886.0252775144202,385.5,14330.0,0.03558654651286193,0.6404482503435881,0.01800108928692449,0.0817684795133936,0.04865160556976414,0.09734433303519197,0.5111537368570617,0.07394105921946507,0.09390651759711809,0.11514056173831351,0.0379317537161825,0.6893029675638389,0.8526961411769298,0.021407388277252363,5,0.3485446498837518,14.0,2.0976176963403033,1026.8306772960711,1026.8306772960711,33477.463768115944,157522.22108019778,69555.54955079584,0.0,0.7133712158214484,1.0,18,17.0,10.290269151138716,0.0034582716924293415,0.4907168928658297,0.3583827049094195,1.6428380746030244,2.498386886532688,0.37691011507366484,0.8690091109889209,30.676786489146423,M87168759
27.228571428571428,56,11.957270864650187,24.5,29755.67142857143,126994.0,2082897.0,31668.983587132076,17596.5,0.3946169772256729,1092.8105981112276,1803.6905229804138,347.0,14992.0,0.030007050611562117,0.6552,0.01660725583459363,0.07165020339537075,0.05292118296593999,0.08984536161228203,0.6051008809320828,0.06867846328774192,0.09782117851543486,0.10911121808249921,0.03615921677209839,0.6891649413388564,0.8491903755399968,0.06618843997229384,5,0.3073910759706701,14.0,4.69041575982343,463.9960458726499,463.9960458726499,30186.913043478256,138658.93024806847,73717.40288912915,0.0,0.7502237701244482,1.0,22,17.62857142857143,11.095031055900622,0.0027045485912005267,0.2263536568762433,-0.5732001404241669,1.6107254732894707,1.6733186492470464,0.43914426050656513,0.8271206014191468,31.78383743350592,M87160375
30.885714285714286,60,13.19041086454513,33.0,34812.08571428571,160241.5,2436846.0,34843.386826829585,23054.25,0.44761904761904764,1127.1258094357077,1901.2691386409474,304.5,13988.5,0.033133518964127834,0.6834305656839255,0.015948562190334054,0.06707067276809273,0.04390692508887613,0.05876537508025655,0.2690273210733568,0.07223415690422114,0.09522573634291652,0.14180786639734363,0.039917938255256816,0.718633540372673,0.8622352275771406,0.0002996305230327039,5,0.31491751840034143,14.0,5.019960159204453,1767.061033088602,1767.061033088602,35316.60869565218,169666.39495266794,79347.68805480731,0.0,0.7606013972996798,1.0,24,20.357142857142858,8.496687370600414,0.0038995808035463203,-0.0504721637195523,-0.649527791633524,1.610488707098936,2.009435950590814,0.4270715821083067,0.8334738921125866,36.09482015590658,M87155949
27.142857142857142,56,10.815710417570113,25.0,35978.985714285714,135354.5,2518529.0,33572.13571741255,23535.0,0.39337474120082816,1325.5415789473684,2151.813414212994,383.75,15759.0,0.03618255909032455,0.6566194262011753,0.016422719249622488,0.08057616999071755,0.06200523687735964,0.1067092527075167,0.5176186416595624,0.07237254047343614,0.0951206059228763,0.05656458887128574,0.013729634049184423,0.6898550724637698,0.8605979085512584,0.04681497739576364,4,0.38107202207851487,17.5,3.840572873934304,1176.2163305575818,1176.2163305575818,36500.420289855065,147208.45824066876,78063.79920343996,0.0,0.7339508268947588,1.0,20,17.12857142857143,25.42753623188406,0.001422967556131316,0.40802031839217656,0.07877546458734441,1.4775218943032018,1.2572262129375984,0.39847354169995153,0.8318120464149751,30.971550829614184,M87161235
31.885714285714286,63,13.79082806707089,31.0,42174.97142857143,190815.5,2952248.0,39541.42998117704,31361.25,0.462111801242236,1322.6917562724013,2032.817473114628,485.75,14617.0,0.04280769392561283,0.7150395136778116,0.02184055984801878,0.0940665192104725,0.04310680794056753,0.05916764716786721,0.3143648763853367,0.07851863444579892,0.09011402959851086,0.04842513098270765,0.013986170311862892,0.7263630089717059,0.8869761031056369,-0.02250405280391332,3,0.3289769009576137,23.333333333333332,4.189935029992178,756.2688155468852,756.2688155468852,42786.202898550735,200259.1395304838,86377.24174603057,0.0,0.775860074218044,1.0,27,22.142857142857142,23.73975155279503,0.0018032073263451155,0.028576440998091143,-0.5729835106550047,1.611096479216274,2.60003732673933,0.4325080486984598,0.8114008945236629,37.484233243763704,M87187984
27.685714285714287,59,11.989927745692999,26.5,33108.614285714284,137865.0,2317603.0,32703.988419847363,20706.75,0.4012422360248447,1195.873581011352,1935.416086138766,338.0,16130.5,0.030463762020237223,0.6620589187439301,0.01652029497557136,0.07084686973583791,0.05334916575325783,0.09473325987835997,0.566069906223359,0.07370767668974318,0.09408981179019639,0.09063038891260942,0.028288494049398104,0.6941338854382352,0.8641579887657261,0.01787509786726737,4,0.36282432694076305,17.5,4.5,721.2012464797572,721.2012464797572,33588.44927536233,149497.35425798487,73663.04137532983,0.0,0.7428272460512242,1.0,22,18.114285714285714,13.104140786749483,0.002324743187362675,0.39375045586131974,-0.4115322660018479,1.3614564169471206,1.34369783153773,0.43307272559262633,0.8611562043123554,32.43821314529618,M87122092
25.65714285714286,55,10.624615239131808,23.0,29258.7,114112.5,2048109.0,25778.351201901405,19756.0,0.3718426501035197,1140.3724944320713,1701.9907946221126,423.25,12412.5,0.04115742651870347,0.6180968075729123,0.02039957668009166,0.1060881420959251,0.054050968213372304,0.07087325936720741,0.2873685706166525,0.07697017330867395,0.09144018102862105,0.06663808459420559,0.02122111625501064,0.6777777777777801,0.8441187732721814,-0.011645486479480499,4,0.38863666287113563,17.5,5.024937810560445,764.8602348406458,764.8602348406458,29682.739130434788,124249.85591401876,58585.25046769464,0.0,0.727268113724484,1.0,18,16.4,17.467080745341615,0.002356285352930538,0.599051721033603,0.3351837746653019,1.5199471371239095,1.80756226825023,0.41409970308420185,0.8262190677135677,29.81192827683196,M87150415
26.857142857142858,57,11.041849889379579,25.0,25711.17142857143,105549.5,1799782.0,24014.523877360687,19005.75,0.38923395445134573,957.3308510638298,1530.675004975492,328.0,11655.0,0.03432208258578321,0.6424596647184405,0.015894579382148496,0.0891834573471495,0.04588844233345512,0.06288645426378182,0.34357772094344985,0.07125396546379731,0.09596138124995005,0.08312214629567453,0.024030883540085684,0.6872325741890974,0.8552527829008185,-0.01838024593908742,4,0.3888893409347804,17.5,4.924428900898052,901.3914365958448,901.3914365958448,26083.797101449283,111852.71502315876,56552.87691446447,0.0,0.7130017497066988,1.0,19,17.442857142857143,14.84223602484472,0.0023124603683926585,0.5098596597622596,0.3778589133770689,1.5321512051143447,1.5940552007364888,0.411132708647112,0.8978555296756892,31.14248806826667,M87191087
29.8,59,13.017131569040634,29.5,30034.67142857143,150743.0,2102427.0,30883.971154130806,21377.25,0.4318840579710145,1007.8748801534036,1702.6483460026616,280.0,12464.0,0.03467717834210867,0.6785843365119965,0.018633293928800698,0.0957830097774347,0.0535941623026022,0.08525346663214857,0.5438974140380791,0.07155134690823353,0.09573985085288103,0.08030801735451076,0.024546858693360315,0.710766045548655,0.8682567027002416,-0.017522133011123858,4,0.3275032636068659,17.5,6.689544080129826,696.1774278307814,696.1774278307814,30469.956521739132,159276.04955825483,70313.00491671471,0.0,0.7578266509850936,1.0,22,19.114285714285714,15.792132505175983,0.0021958515311813007,0.1956186175727695,-0.3560205940948231,1.8419122622176378,3.0649885282611944,0.4368164956053904,0.8529459855248017,35.030532513298226,M87147006
30.82857142857143,61,12.757038873356407,29.5,32805.04285714286,153305.5,2296353.0,32531.597579204536,24037.0,0.44679089026915114,1064.1116774791474,1781.89301298496,322.0,13725.0,0.033923157598367205,0.6833768907895779,0.015130602350713451,0.06442589490394512,0.04873134761150837,0.07887931481557875,0.356793731985548,0.07058099166094728,0.09645744088390265,0.1259837761217,0.041374207782878106,0.7190476190476198,0.8797094934396629,-0.049569720831737336,3,0.3640196492709975,23.333333333333332,3.39934634239519,931.2063856996382,931.2063856996382,33280.47826086957,162130.61335439916,75598.28299945235,0.0,0.7519151906617334,1.0,23,19.9,9.719875776397515,0.003490081393914704,0.2858445797568681,-0.20188351673977056,1.7499899624347661,2.5883345239917466,0.4138057095157315,0.8370295996459973,35.967151789422765,M87187090
28.62857142857143,55,11.125480957271566,28.0,30501.128571428573,124259.5,2135079.0,26422.696864585098,23405.5,0.41490683229813663,1065.4086826347304,1640.7197035457502,378.25,13301.0,0.036631605622668754,0.6652923538230885,0.01650327244453755,0.08178896113427857,0.0521967482645232,0.08540441450421313,0.4934285308326228,0.0805342217490841,0.08831734491584102,0.08578423583249262,0.026465262679252078,0.7013802622498286,0.867605984302724,-0.0007104229509036269,5,0.3920410957435064,14.0,6.782329983125268,794.4422933376479,794.4422933376479,30943.173913043473,133133.84407982067,58279.91309599721,0.0,0.7271881472219706,1.0,21,19.271428571428572,14.11407867494824,0.0025953947449427186,0.3649582153937167,0.20002858225806897,1.6463884146167578,2.6999852981149415,0.388614604295913,0.8329683101820218,32.66935323893088,M87183485
27.542857142857144,56,11.224572170384189,26.0,31240.414285714287,133596.0,2186829.0,31507.531216018295,22413.5,0.3991718426501035,1134.247406639004,1865.3586745429002,307.25,13632.5,0.035162337957896084,0.654965496549655,0.01844459147470371,0.0740250085047432,0.04635083018714733,0.07463419757677811,0.36889741403807896,0.07134916474195557,0.09589061985585226,0.09462350396652139,0.027857415978911722,0.6922015182884769,0.8587654021305793,0.018537579626637653,4,0.34919920411099836,17.5,4.5,864.2106369950632,864.2106369950632,31693.17391304348,144282.72622752705,72350.11853856678,0.0,0.7351034889503618,1.0,20,17.4,12.882194616977225,0.0027295300997515,0.5244358021133454,0.007429620452434005,1.7212819219379643,2.3061989116992576,0.40753114726498607,0.8389918865718907,31.651681000620783,M87155496
30.37142857142857,58,12.685392531312122,32.0,31599.8,134079.0,2211986.0,27877.357554294846,25534.0,0.4401656314699793,1040.444967074318,1716.099722976761,288.0,13425.0,0.03216265890620029,0.6825582026374342,0.01668899256748007,0.08880663579588212,0.04380734419371614,0.06884411509427647,0.3657332981501779,0.07793255725407644,0.0906213595437322,0.13887484000717404,0.046503672323656674,0.7122843340234661,0.8695475446142724,0.0049433672317749896,4,0.39296080186084364,17.5,3.3541019662496847,1093.397308973267,1093.397308973267,32057.76811594202,141401.95763415296,62250.55973598099,0.0,0.7418675918483842,1.0,25,20.87142857142857,9.334368530020704,0.003445617001595817,-0.1415138484708972,-0.5143340189748535,1.4433716176770475,1.9499809924513523,0.4176752009368996,0.7969067275937556,35.13042643069467,M87139257
28.37142857142857,60,11.391941297716217,26.0,31011.1,138364.0,2170777.0,31278.02544274723,21699.5,0.4111801242236025,1093.039778449144,1668.1344260648511,452.0,13017.5,0.03848206465422664,0.6689048609797617,0.017044938344848406,0.08412519674280834,0.05212012341168352,0.07918609080141492,0.4079852230747371,0.07148154934084286,0.09579197455709396,0.13033221940847875,0.03815327305415453,0.7017943409247767,0.8725903893648025,-0.01440825899479784,4,0.32329325444885204,17.5,1.5,578.8062060805116,578.8062060805116,31460.536231884063,146475.89950467518,71816.42028450343,0.0,0.7438092209535336,1.0,20,17.914285714285715,9.143478260869566,0.004208689905122267,0.59088669214561,0.0007734977607447568,1.658408009212826,1.953722595708956,0.4015286459416592,0.8550341681424095,32.77239248327045,M87141906
29.228571428571428,58,11.746332471482845,27.0,34006.92857142857,165024.0,2380485.0,32707.46341567556,24698.5,0.4236024844720497,1163.4824046920821,1888.8077266450134,412.0,13888.5,0.03647260213341029,0.6667161123802178,0.015620115308357349,0.07168222186477305,0.04991515446758413,0.07076197292640378,0.3097612958226768,0.07574965119186206,0.09245379727207274,0.10245899580038038,0.02696362993437389,0.7071083505866125,0.8584100246927272,-0.003972274728143561,4,0.36460221095080564,17.5,6.5383484153110105,1630.0359530159503,1630.0359530159503,34499.782608695656,174292.18135724752,72406.02381096742,0.0,0.7513474624904511,1.0,22,18.885714285714286,11.964182194616978,0.003048482674379561,0.3794998682977689,-0.04027075510034317,1.9308341996108296,3.847212870289181,0.4018784325531765,0.8414420609982541,33.6435942844735,M87158338
27.285714285714285,56,12.119810061150602,25.0,28133.557142857142,123282.5,1969349.0,28141.687778675412,17928.5,0.39544513457556935,1031.07277486911,1693.409606066553,294.5,11823.0,0.03689175565332454,0.6535841819865097,0.018995068171812346,0.09018629233393595,0.04710104331587708,0.06487348535206543,0.2528204035237283,0.0720338963807535,0.0953773141681037,0.1011553804003839,0.032376241649822404,0.6920634920634935,0.8652509118274885,-0.038052284760619885,5,0.3799770172824779,14.0,6.6932802122726045,726.5886708416454,726.5886708416454,28541.289855072468,130950.12910085151,63976.71491178378,0.0,0.7533339352032618,1.0,20,17.457142857142856,11.893374741200828,0.003101874485256463,0.6510945506331307,0.007662065525676276,1.625602349531246,1.9064638605679525,0.4441815205657289,0.8875622787093587,32.31370853833702,M87149025
30.17142857142857,63,12.5139595521749,30.0,42486.857142857145,203669.5,2974080.0,42915.1135192772,28332.25,0.4372670807453416,1408.1818181818182,2351.1757078887986,363.5,17536.0,0.03295684881017509,0.686876481287549,0.017437004090119886,0.07418386044267161,0.0475973287865871,0.0825859254905216,0.3731955100880933,0.0733541245653147,0.09436570719795714,0.10531727648204312,0.03520771657896332,0.7153209109730853,0.8746468989470225,-0.008640981499423168,4,0.30694421199524113,17.5,4.272001872658765,1445.4188085815974,1445.4188085815974,43102.60869565218,215072.52977022558,96118.64016542531,0.0,0.7345932215733868,1.0,24,20.12857142857143,12.335610766045548,0.0026716835862631663,0.2379991038396902,-0.29498128239911825,1.7649583594863312,2.8389235515890823,0.41476191697549386,0.8079294471524744,34.948591974374686,M87103074
26.428571428571427,60,10.989048351584835,25.0,30002.52857142857,139123.5,2100177.0,28570.115098008784,18756.75,0.3830227743271222,1135.230810810811,1813.6553026213028,368.5,12292.0,0.03864708782231743,0.643289606458123,0.01739426338155515,0.08329201066352816,0.05046736085738642,0.07347890993649075,0.41403807899971573,0.08132421894721736,0.08759044296234228,0.11027761166602242,0.03375183913776977,0.683436853002072,0.847152305479019,-0.021711857609873035,4,0.3802128261686709,17.5,8.200609733428363,864.9189019060155,864.9189019060155,30437.347826086956,147386.95165449628,60015.559253884174,0.0,0.7105122575801073,1.0,20,17.271428571428572,10.95631469979296,0.0035273802260396684,0.44430268730488565,0.579152495062567,1.612653870260159,2.826968780989863,0.4158018295194262,0.8760796972298845,30.717786145769235,M87141664
26.514285714285716,58,11.173620537604064,24.5,31061.071428571428,152453.0,2174275.0,29717.65956383579,22652.75,0.38426501035196686,1171.484375,1842.4057465258,441.75,14173.5,0.035659750852618376,0.6417798695047598,0.014555810676392788,0.06369298940398856,0.053472983396257064,0.06136954334635074,0.312588803637397,0.07257325731598531,0.09496755555589538,0.054673488506186654,0.012377007276191206,0.6849551414768824,0.8605996750931632,-0.022026855133825945,5,0.38077803724275305,14.0,6.870225614927067,915.8822699070504,915.8822699070504,31511.231884057972,161681.1864515174,68560.2075230123,0.0,0.7292355810253918,1.0,19,17.4,20.95672877846791,0.0017015895576821683,0.4457137122674354,0.294902153057238,1.9139975268139884,3.97215587235657,0.421418878034636,0.888988180333874,31.055266421722326,M87148745
26.8,56,11.372397661506064,25.0,31786.77142857143,161710.0,2225074.0,35112.22187040186,17590.25,0.3884057971014493,1186.0735607675906,2021.8046362411299,334.75,16165.0,0.028853573420223367,0.646012462143628,0.01580169186220025,0.0690804583949699,0.05220537490358463,0.0623312453858086,0.24561056306580614,0.06644597774746396,0.09935112645007008,0.12987156801896868,0.03506708088257683,0.685369220151831,0.8530718898735752,0.02653732250533175,4,0.3492383434019116,17.5,3.640054944640259,627.26350591916,627.26350591916,32247.44927536232,172258.99540504807,83082.63907840112,0.0,0.7304733685160602,1.0,19,16.84285714285714,8.722981366459628,0.003307765110122445,0.4589942204409119,-0.15074822574528435,1.7728156290646675,2.5913551041203755,0.4243431963248531,0.874605448807184,31.118102946082463,M87141949
25.8,50,11.118324642550373,24.0,24126.014285714286,113223.0,1688821.0,22608.230866366765,17028.5,0.3739130434782609,935.1168327796235,1458.1803573329964,336.5,11776.5,0.03574539695598753,0.6421915347479511,0.017916226892994918,0.09387332088009094,0.05344634955431447,0.0769752805492617,0.30925587626354895,0.07787666825633706,0.09066939300010073,0.07809507850346568,0.025109161125858474,0.6747412008281611,0.8599893101577772,0.015757326548948652,5,0.38301778600211756,14.0,7.183313998427188,622.7880304134075,622.7880304134075,24475.666666666668,121058.17726014482,49510.36930443665,0.0,0.7131696087438,1.0,19,16.571428571428573,15.425465838509316,0.0023172977289768444,0.2690440254841861,-0.4933353649295791,1.7902230691019427,3.77800147282254,0.4309428156027276,0.8458221648895272,30.204439971080227,M87179713
28.62857142857143,54,10.599422394736461,26.0,35849.28571428572,133117.5,2509450.0,31860.8214210731,27385.5,0.41490683229813663,1252.2205588822355,1998.6560188020098,356.25,16959.5,0.031995881323936305,0.647710020242915,0.017042232196497434,0.10426339584392631,0.051178297405918886,0.08368207941365531,0.41140949133276494,0.07780538725343734,0.09073056816782829,0.08254981396497212,0.02585535045613171,0.7008281573498988,0.8604729757329926,-0.044962814834554166,4,0.3770503139454268,17.5,4.769696007084728,1784.8491038197221,1784.8491038197221,36368.84057971014,144293.86404922043,71384.97795882239,0.0,0.714952343204216,1.0,20,18.814285714285713,14.33975155279503,0.0022312716650728743,0.681195062503218,0.4302617464410079,1.4435287353571755,1.4113918335519688,0.3702393052053654,0.8749188349409291,32.55329548952293,M87176708
27.114285714285714,56,11.224390352064125,25.0,31520.957142857143,148527.0,2206467.0,31259.762182481594,22267.0,0.3929606625258799,1162.522128556375,1897.7675713960512,333.5,14526.5,0.03340561866565049,0.6454850644012058,0.016912094135753484,0.0732728952402433,0.05271586895627817,0.0825283344811614,0.40309747087240694,0.0714670252919231,0.095802810927644,0.10361669391706646,0.029818147634876477,0.689924085576261,0.8523741196557049,0.0029985699557838496,4,0.3696658034223444,17.5,3.840572873934304,505.18092062220546,505.18092062220546,31977.782608695652,157739.07016217592,72012.00874985915,0.0,0.7287946182836827,1.0,18,16.67142857142857,10.730227743271222,0.0031132255032143836,0.48935010144891367,0.03961150196782137,1.7967219177541098,2.8331252777529006,0.4139659244702259,0.837269885322921,31.396661375082118,M87129789
30.085714285714285,59,13.431033208998647,29.0,41336.97142857143,198017.5,2893588.0,41660.30380957785,27839.5,0.4360248447204969,1373.9734093067427,2225.589129141445,450.5,18043.0,0.03246630221175628,0.6964619257735307,0.01817354575674658,0.0832068750361042,0.052201315308732184,0.07815019101395398,0.34150326797385616,0.07275381630829784,0.09482930189710741,0.06377271522586479,0.017778550421636473,0.7131124913733622,0.8711790461723173,-0.0028771669759850545,4,0.3265767743156592,17.5,4.55521678957215,336.7405881027653,336.7405881027653,41936.0579710145,208963.20125798497,94268.74522405333,0.0,0.7730510281408504,1.0,25,20.2,18.2175983436853,0.001782139533392993,0.042693870751459764,-0.6418124398594554,1.5675929185606183,2.233101037532583,0.44642560523737196,0.8064061043803078,35.51313129841246,M87123042
29.8,57,11.56423056547337,29.0,39276.45714285714,188427.0,2749352.0,38204.46822687319,29407.0,0.4318840579710145,1318.0019175455418,2200.0405148575196,423.0,19888.0,0.02819660590310749,0.6717359370949624,0.011808121737034653,0.0665427988401783,0.04839240043843624,0.07351390617567286,0.3851236146632567,0.07297589573194925,0.0946585068962846,0.0851035259365378,0.023301128622949287,0.7099378881987585,0.8685662824860526,-0.01069164606393057,5,0.3403853881101538,14.0,2.756809750418044,1214.2929056304608,1214.2929056304608,39845.6811594203,201853.39638670016,87057.75954863155,0.0,0.7294050764354164,1.0,20,18.5,14.130434782608695,0.0019954521100660687,0.27401283453503,-0.169596922831583,1.8865300278718327,3.5556078782895595,0.3880614283715896,0.8533583245858282,33.97623988627092,M87196363
32.05714285714286,59,13.78289386396435,32.0,38703.25714285715,180031.5,2709228.0,36137.66281563785,28678.0,0.4645962732919255,1207.3208556149732,1979.785470875074,381.0,15077.0,0.03501702819445387,0.7052656946620075,0.018018429966664296,0.10819683803325228,0.04963259216730171,0.08773374828910263,0.5244164332399629,0.07776101999741038,0.09076859619205661,0.16183497783487347,0.047283955878791376,0.7278812974465165,0.8733559915802882,0.01025173389730816,3,0.33803700823766014,23.333333333333332,3.299831645537222,1016.3557384747055,1016.3557384747055,39264.17391304348,189167.24040590093,79674.46554681496,0.0,0.782441686464053,1.0,25,21.0,7.1902691511387165,0.004870058054629047,-0.08780813730048992,-0.730560448833963,1.5974975357737606,2.473437644282611,0.42994766955325514,0.8058919061482209,37.338920546332794,M87178630
32.371428571428574,62,12.908658698244178,32.5,31643.97142857143,144150.5,2215078.0,29919.160562002704,22910.25,0.4691511387163561,977.5278022947925,1695.294361355983,216.0,12637.5,0.030409504452170236,0.6820620649651972,0.012687856426721577,0.05929157855068274,0.04286537803527208,0.06785541584366482,0.2857655380992977,0.07587791061774456,0.09234856233856516,0.13833637442684982,0.040813899047998065,0.7311249137336105,0.8684312094174829,-0.05781321594607868,5,0.3471623873277412,14.0,5.89915248150105,966.528320954208,966.528320954208,32102.579710144928,152417.17596147925,66543.13797674832,0.0,0.762376614937132,1.0,24,21.314285714285713,9.38695652173913,0.0032395488763312433,0.15092547235078294,-0.21868485157894346,1.6606944866269273,2.618931622901223,0.3987670383394053,0.8442830480478145,37.38158071084408,M87136332
27.142857142857142,54,11.869872684701399,24.0,28833.257142857143,135510.0,2018328.0,27381.5600516561,20058.0,0.39337474120082816,1062.2778947368422,1728.6663548697666,360.0,13969.5,0.03326609535060236,0.6552894144522458,0.01477311723684219,0.08166129376173079,0.04817927170868347,0.07088419529135573,0.3059605001420858,0.07727463288156941,0.09118303240588659,0.06630929777256715,0.020838292284657767,0.6879227053140125,0.8661739108896022,0.000498079334673165,5,0.35607131806641534,14.0,9.359487165438072,795.6662945591956,795.6662945591956,29251.130434782608,144080.00722763553,60072.86761079525,0.0,0.7404861851403124,1.0,19,16.84285714285714,19.773084886128366,0.0016823927850499391,0.38773350681564434,-0.4167610953608283,1.884428937409213,3.5953894626165965,0.43731109891005154,0.8534314323687358,31.975913298144576,M87158534
32.82857142857143,61,13.162686903919438,35.0,37050.885714285716,143464.0,2593562.0,36860.919937571845,24472.0,0.47577639751552797,1128.6170583115752,1888.2520898302162,370.5,16361.5,0.030818364198644817,0.7173683593291896,0.018771438263148744,0.07575864597672012,0.045979986197377504,0.07466120317689474,0.3459789712986644,0.0715659562352013,0.0957289308091109,0.10574542005416275,0.03280399377609759,0.7331262939958599,0.8764585398366176,0.05098015084727904,4,0.31793879116035983,17.5,5.678908345800274,1309.4805158387296,1309.4805158387296,37587.85507246378,159346.6400172911,85141.0469596617,0.0,0.7792248412073249,1.0,27,22.271428571428572,11.177018633540373,0.0027572973803733345,-0.09022019598969863,-0.5325824088505029,1.4921996115590586,1.4441030235032946,0.40095216852670174,0.7910916328129245,37.42483381127692,M87166115
29.228571428571428,56,11.369346543065987,28.0,36370.9,149641.0,2545963.0,32713.445598932034,27513.5,0.4236024844720497,1244.36119257087,1980.9293396458986,360.0,13277.0,0.03886183050382541,0.6490928686904975,0.018211901213967832,0.08597205138221847,0.049628750050744935,0.07807020039689862,0.45728900255754473,0.07895687260262328,0.08973029897714263,0.0949159924216609,0.02960248257426788,0.7062801932367166,0.8517232331890541,-0.001588555125944895,4,0.3834793946446477,17.5,6.5,1236.4290530594112,1236.4290530594112,36898.01449275363,158224.88263920444,72073.04052081445,0.0,0.7252054732600702,1.0,21,18.9,12.428778467908902,0.0031267618619292823,0.1873032425638714,-0.324323698659966,1.4503070666290714,1.7510585565059857,0.38898057576472095,0.8746435585039645,33.44535744539755,M87176019
25.914285714285715,55,10.616352423290694,24.0,40308.7,191665.5,2821609.0,41963.50257284809,26279.5,0.3755693581780538,1555.462513781698,2400.0634472790994,495.5,16498.0,0.041028254469708814,0.6574862482103836,0.025925278810057944,0.10805340600592829,0.04745564892623715,0.07392240552386195,0.4120488775220233,0.07038147738675565,0.09660311551172607,0.05893457035351456,0.01447204595871578,0.6792960662525906,0.8612484377103076,0.05903090066842946,3,0.30105572890116705,23.333333333333332,4.0276819911981905,791.7881099137115,791.7881099137115,40892.884057971016,202083.2140881195,96417.89549999352,0.0,0.7209365130758746,1.0,19,16.585714285714285,18.898757763975155,0.002170949804326131,0.46370463295808617,0.02696695895859813,1.6486984217286995,2.1200120060046252,0.40967181346766735,0.824381152311901,29.764109398289495,M87111487
