URSI,avg_degree,max_degree,std_degree,avg_strength,max_strength,total_strength,std_strength,density,avg_edge_weight,clustering_coef,transitivity,avg_betweenness,avg_eigenvector
M87121956,33.68571428571428,65,13.582071015173808,53169.4,239056.0,3721858.0,59313.324275265986,0.48819875776397514,1578.396098388465,0.029645751802499707,0.7015091236414553,0.04995617087414676,0.07097034811846681
M87165017,25.685714285714287,53,10.33654108648793,25464.585714285713,114638.0,1782521.0,23843.790805390498,0.3722567287784679,991.3909899888765,0.030629707509107526,0.6390559925960203,0.04999898510128688,0.07747388420076813
M87128444,28.6,55,12.453800337934716,37048.21428571428,167346.5,2593375.0,36616.81402088111,0.4144927536231884,1295.3921078921078,0.03614294583842578,0.6825689738625363,0.06080562659846546,0.07374753105414472
M87144889,27.114285714285714,62,11.628220422922919,33572.72857142857,154040.5,2350091.0,33280.822305977366,0.3929606625258799,1238.1933614330874,0.037658867696882196,0.6462476706759275,0.055030852920878504,0.07120968346731948
M87192333,31.771428571428572,63,13.838013305561532,40907.114285714284,183128.0,2863498.0,39824.57658677001,0.46045548654244306,1287.5440647482014,0.03472239287424318,0.7270527859237537,0.053428327852880285,0.07270437264499666
M87150639,26.714285714285715,56,10.345658657679774,35933.78571428572,163564.0,2515365.0,33586.945672024274,0.38716356107660455,1345.114973262032,0.03528227259665245,0.6316528122638454,0.054384362440628435,0.07183039851033174
M87115498,31.82857142857143,61,13.581469969433067,39580.08571428571,185474.0,2770606.0,43285.03875878819,0.46128364389233956,1243.5394973070017,0.03013325204437104,0.687002132405206,0.049003876913084075,0.06938687619571327
M87115517,25.428571428571427,54,10.944759252813231,29705.314285714285,131486.5,2079372.0,27412.9358008706,0.36853002070393376,1168.1865168539325,0.03781216271442009,0.6267448137580011,0.05287317825680996,0.07726469659005593
M87102217,30.37142857142857,59,12.788579088469556,41673.24285714285,188694.5,2917127.0,43438.10515128253,0.4401656314699793,1372.1199435559736,0.03227903592264624,0.6818329453797434,0.048576503064994114,0.0707812814460344
M87117167,30.314285714285713,63,13.138322198975088,35794.78571428572,165377.0,2505635.0,35593.36244156961,0.43933747412008284,1180.7893496701224,0.03370100779426539,0.6735138918802498,0.049083061318172756,0.075754551337691
M87184910,22.857142857142858,52,9.207583387443998,20146.52857142857,84766.5,1410257.0,17256.15087147721,0.33126293995859213,881.410625,0.03772629064834913,0.6148731237471275,0.05475683026833922,0.08180327639685211
M87114047,27.714285714285715,58,11.954847023150851,28500.428571428572,128613.0,1995030.0,25029.464613771517,0.40165631469979296,1028.3659793814434,0.034726946374918494,0.6410480349344978,0.059473862008571556,0.07734637656262122
M87186642,27.6,57,12.537258757115016,29598.714285714286,157884.0,2071910.0,35656.845386923094,0.4,1072.4171842650103,0.02696961711143203,0.6626598711414559,0.044240652782852274,0.0667836464332498
M87192995,27.0,60,11.595565654902,38676.57142857143,170195.0,2707360.0,37660.108855703926,0.391304347826087,1432.4656084656085,0.04289615654393633,0.6590039622899303,0.059577265688884246,0.07652616475506115
M87134068,26.142857142857142,53,11.157682445338745,34621.04285714286,173283.5,2423473.0,36000.372027119665,0.37888198757763975,1324.3021857923497,0.03808401719837612,0.6376493805503782,0.06037307676693868,0.07389640046205836
M87199297,23.542857142857144,51,9.753659700390434,27798.0,118862.0,1945860.0,27890.615875492706,0.3412008281573499,1180.740291262136,0.03728796496010736,0.6145172335083314,0.05786836473719923,0.07106142970111398
M87136832,28.514285714285716,56,11.211910576503463,30238.257142857143,121412.5,2116678.0,28297.9291774836,0.4132505175983437,1060.4599198396793,0.03831121814381532,0.6697950343701937,0.05395587220395404,0.07511073406696853
M87190745,26.885714285714286,53,11.133659207418681,37041.57142857143,169139.0,2592910.0,37392.74424731218,0.389648033126294,1377.741764080765,0.03569420595935191,0.6479422936195421,0.05287317825680996,0.07054527972080991
M87151146,26.428571428571427,58,11.280288026428389,35750.34285714286,160447.0,2502524.0,34374.957254263594,0.3830227743271222,1352.7156756756756,0.035655984094789844,0.6421447721179625,0.053837129054520365,0.07233530806879147
M87160332,29.914285714285715,60,12.111084482693478,33182.87142857143,143032.0,2322801.0,31925.056244461663,0.4335403726708075,1109.2650429799428,0.03273933215439023,0.6872369870364617,0.04669721511793123,0.07338671156754793
M87125134,29.714285714285715,58,12.800829054783753,27866.8,137418.5,1950676.0,29773.66800024094,0.4306418219461698,937.825,0.03309189991235789,0.6709084780043822,0.05114743525868845,0.07089172407567408
M87192557,24.571428571428573,50,10.32551822092297,24486.714285714286,116970.5,1714070.0,23648.238777152616,0.35610766045548653,996.5523255813954,0.03560698975795444,0.6352955880514936,0.050015426460439244,0.07191239104028543
M87144896,29.62857142857143,60,11.99663218046921,29179.057142857142,134778.5,2042534.0,28781.820408964362,0.42939958592132504,984.8283510125361,0.02881720570997256,0.683110151187905,0.05036323224942151,0.07285838445723967
M87107085,25.314285714285713,61,11.555509331845453,27848.557142857142,152059.5,1949399.0,30466.532184342737,0.36687370600414076,1100.11230248307,0.033924520821261746,0.6352227647238328,0.05003856615109813,0.06991584210142136
M87181216,24.714285714285715,57,10.734647318902681,28453.128571428573,115899.0,1991719.0,27804.805905080215,0.3581780538302277,1151.2826589595377,0.04346734396017134,0.6240527988266927,0.06677789956562336,0.07353494022189064
M87149014,29.4,59,12.776541002947551,32637.814285714285,147778.5,2284647.0,33235.51540619628,0.4260869565217391,1110.1297376093294,0.03342116847821552,0.6775052236883533,0.04814172045629847,0.07338942218831535
M87151453,27.2,57,11.431285392040815,36437.94285714286,147894.5,2550656.0,39397.02770700773,0.39420289855072466,1339.6302521008404,0.036756520483276635,0.6545602385147039,0.053288271830471315,0.0684901892923563
M87193409,29.714285714285715,60,12.330152191324506,43024.05714285714,193635.0,3011684.0,46458.589055780394,0.4306418219461698,1447.925,0.036200155209312995,0.6798260572987722,0.052741112255178746,0.072729613630802
M87164412,27.057142857142857,52,11.3564150710207,31451.27142857143,127273.0,2201589.0,28968.707090544358,0.3921325051759834,1162.4017951425553,0.04619820047110857,0.6517985611510791,0.04658385093167702,0.07253883732669425
M87121943,27.228571428571428,60,12.279101210211286,33995.52857142857,172841.0,2379687.0,35017.99684344831,0.3946169772256729,1248.5241343126968,0.03289297059178075,0.6371023684471311,0.049371089015316276,0.07001275115883383
M87164886,25.65714285714286,56,10.444254352494093,32042.9,137881.5,2243003.0,31986.810211688375,0.3718426501035197,1248.8880846325167,0.039160603801903754,0.637095531587057,0.05306296431616125,0.07140447724434289
M87108094,34.114285714285714,64,14.162871840679424,35255.74285714285,171150.0,2467902.0,36043.271284541035,0.49440993788819876,1033.4597989949748,0.029285937124301765,0.7013681565325716,0.045155243256722974,0.07350258180624009
M87151117,24.285714285714285,48,10.064283179559652,29018.585714285713,143750.0,2031301.0,27421.09302994574,0.35196687370600416,1194.8829411764707,0.034884551171293444,0.6503127945839403,0.0483966630130313,0.07125293115841229
M87123449,24.4,53,10.023401190642398,29277.942857142858,112112.0,2049456.0,26004.032822751447,0.3536231884057971,1199.9156908665104,0.03682795038661315,0.6377872340425532,0.05160962935898999,0.07455907307553374
M87143273,31.257142857142856,59,13.205719231006059,37354.22857142857,155131.5,2614796.0,37539.20155352703,0.45300207039337476,1195.0621572212067,0.03492577153464339,0.68891722994516,0.05365668006332968,0.07315012512512106
M87190609,25.857142857142858,51,10.16476507252341,26973.542857142857,140843.0,1888148.0,28012.41560180348,0.3747412008281574,1043.1756906077349,0.031092297497773893,0.6391314338235294,0.04983863110461576,0.07195224505841409
M87199728,34.51428571428571,64,14.140865660653633,43960.81428571429,181462.0,3077257.0,42849.885412096446,0.5002070393374741,1273.6990894039734,0.02816072474081709,0.7335734142026787,0.046101352266861954,0.07359222475793957
M87141220,25.771428571428572,62,11.009309604111587,33795.72857142857,153571.5,2365701.0,34740.023072786746,0.3734989648033126,1311.3641906873613,0.038834150090039835,0.6395847438501467,0.048386919985385454,0.06988855522209123
M87145479,27.228571428571428,56,11.315187554245625,30325.77142857143,147389.0,2122804.0,31535.11174080247,0.3946169772256729,1113.748163693599,0.031741115501050535,0.6420938358720358,0.04769719481995697,0.07125690540201914
M87181205,29.4,58,11.555332720684174,36287.2,175419.5,2540104.0,37678.4092887615,0.4260869565217391,1234.2585034013605,0.03557257513864629,0.6687317461722276,0.050403891768524584,0.07237384097213195
M87188762,28.8,54,11.549397015800066,38847.54285714286,185184.5,2719328.0,43657.930748256855,0.41739130434782606,1348.873015873016,0.031082213550788985,0.6677067082683308,0.04673939009068713,0.06917450291688965
M87141793,24.34285714285714,51,11.903043685528162,24632.85714285714,116788.5,1724300.0,25981.17155407833,0.3527950310559006,1011.913145539906,0.037306026654397646,0.630498651748702,0.04390106767344618,0.07161523910193247
M87154559,26.685714285714287,54,11.925414466763058,35573.94285714286,158132.5,2490176.0,35374.526800019616,0.3867494824016563,1333.0706638115632,0.042853247849248044,0.6588649544324772,0.05598790240733974,0.07332157749408968
M87131806,33.371428571428574,64,13.414460671306946,44686.58571428571,187455.5,3128061.0,42559.573889681094,0.4836438923395445,1339.0672089041095,0.03795933851942302,0.7164686678153623,0.05382515324970568,0.07597015118461736
M87152844,28.114285714285714,55,12.02680679285458,36587.21428571428,161039.0,2561105.0,36763.40302078097,0.4074534161490683,1301.3744918699188,0.038202121946889246,0.6609961251299499,0.05435645272601794,0.07237122306494637
M87120962,29.485714285714284,59,12.254145487656537,38740.014285714286,194661.5,2711801.0,40049.41474014779,0.42732919254658386,1313.8570736434108,0.031444239940164244,0.681932300233746,0.05533532253481103,0.07090672928745294
M87124827,25.714285714285715,54,10.331841015787564,28705.35714285714,138429.0,2009375.0,27235.316634072078,0.37267080745341613,1116.3194444444443,0.036350933553849905,0.6398629662419647,0.05550785531603946,0.07469599965230693
M87174803,27.34285714285714,55,11.560877023436433,40829.91428571429,168504.5,2858094.0,40050.23826877326,0.39627329192546584,1493.257053291536,0.04383946451150374,0.6571533725910065,0.048846872082166204,0.07128394032482499
M87182922,25.771428571428572,56,11.130615986768117,25226.885714285716,111993.5,1765882.0,21723.299537292645,0.3734989648033126,978.870288248337,0.038676007469458415,0.6349700149925037,0.05063782034552951,0.08060537010484134
M87196591,31.857142857142858,62,12.882197809697043,42194.642857142855,202043.5,2953625.0,39736.1667029405,0.4616977225672878,1324.4955156950673,0.03342816324553235,0.6872979559357437,0.05047750984451751,0.07418405784412663
M87139021,27.685714285714287,58,11.923018382395407,39661.41428571429,144857.5,2776299.0,39236.484456522594,0.4012422360248447,1432.5588235294117,0.037619810055495674,0.6501264837517027,0.04417143669061827,0.0718149325646369
M87129719,28.885714285714286,60,11.669915971227478,35903.385714285716,166258.5,2513237.0,35799.545049700144,0.4186335403726708,1242.9460929772501,0.03226678648621793,0.6613671531296459,0.05689304707390204,0.07591211392445074
M87124781,30.742857142857144,64,12.488492662430955,34977.65714285714,159545.0,2448436.0,34515.38805865569,0.4455486542443064,1137.7490706319702,0.03573509564607468,0.6680369441033581,0.05130093100041949,0.0724392232068801
M87146993,28.82857142857143,57,11.59676239125316,38156.31428571429,167054.5,2670942.0,37387.005541380604,0.4178053830227743,1323.5589692765113,0.0339680217035427,0.6715366314890502,0.05595339585109406,0.07453992217821222
M87159410,25.6,53,10.697663296253065,28950.842857142856,130665.5,2026559.0,27785.79595116166,0.3710144927536232,1130.892299107143,0.032002449735953495,0.6288632088148347,0.05104717249218529,0.07079087640208095
M87150194,27.142857142857142,60,12.097562581287326,42514.28571428572,191357.0,2976000.0,41719.004704397135,0.39337474120082816,1566.3157894736842,0.03370394399462655,0.6445023032245143,0.056866804692891654,0.07070289304790273
M87124633,29.428571428571427,55,11.451227543145666,28394.5,121465.0,1987615.0,28481.19671981599,0.42650103519668736,964.8616504854369,0.03562068260843634,0.6847450621475598,0.056712540088499165,0.06953688181698457
M87153569,31.62857142857143,63,12.529019376256558,34119.95714285714,144973.0,2388397.0,34255.14606342724,0.4583850931677019,1078.7700993676604,0.030520260390952122,0.6775126903553299,0.046738014046198186,0.07492938434449337
M87123913,25.857142857142858,54,10.222224686975943,28405.128571428573,125898.0,1988359.0,26064.232128077867,0.3747412008281574,1098.5408839779006,0.034947517418799125,0.6399648223913127,0.05553322778386717,0.0740727964793836
M87165441,27.4,59,11.523144412132355,36045.614285714284,165627.5,2523193.0,34688.855503416926,0.39710144927536234,1315.5333680917622,0.03919811588454983,0.6669781411646921,0.051134656761255226,0.07232527423096226
M87157827,25.37142857142857,58,9.952991551102942,37301.642857142855,156340.5,2611115.0,34572.267930291724,0.36770186335403726,1470.2224099099099,0.03906592684261927,0.6341949101915648,0.05272804774083547,0.07233217662061521
M87135647,27.0,55,10.936178491593852,31041.4,125052.0,2172898.0,28779.971454815586,0.391304347826087,1149.6814814814816,0.037525505778257626,0.647343163165948,0.052381967279665494,0.0742029989273744
M87162915,28.314285714285713,59,11.503468864580256,35084.75714285715,152480.0,2455933.0,34706.745284572025,0.410351966873706,1239.1185671039354,0.043262366915955,0.6489274447949527,0.04509980320630668,0.07564493097238348
M87187750,24.428571428571427,50,10.753831780308992,24974.385714285716,106736.5,1748207.0,24866.34918335153,0.35403726708074534,1022.3432748538012,0.03512017342610314,0.6215789692262967,0.04977367758697682,0.07158928840579236
M87142764,31.742857142857144,60,14.217379419253762,44592.05714285714,209887.5,3121444.0,45709.929844661514,0.4600414078674948,1404.790279027903,0.034457750103577864,0.7115449915110357,0.05709069134900336,0.07643368509367218
M87192637,31.65714285714286,60,12.920510509911542,40778.75714285715,198381.0,2854513.0,41778.5377435714,0.4587991718426501,1288.1376353790613,0.028530244938167637,0.6821230313230012,0.043492686929844405,0.07166460546198007
M87161902,25.085714285714285,55,10.444058949801976,27469.985714285714,111294.5,1922899.0,23223.016835054492,0.3635610766045549,1095.0449886104784,0.03931715413588645,0.6193470859202884,0.05735700077132303,0.07771254775409428
M87191258,29.17142857142857,57,11.783731434932324,35863.07142857143,156336.5,2510415.0,35011.13819540512,0.4227743271221532,1229.390303623898,0.03377143502946975,0.650626059542575,0.045689116226200616,0.07155749491568537
M87102806,26.685714285714287,60,10.841115990448925,31247.22857142857,139123.0,2187306.0,31584.357088674424,0.3867494824016563,1170.9346895074946,0.02944826557894535,0.6425064047822374,0.04313065806032559,0.07061553988394574
M87114064,29.257142857142856,60,11.808817183160475,42784.04285714286,186409.0,2994883.0,44753.190430543036,0.4240165631469979,1462.34521484375,0.03519111453950906,0.6793825408090844,0.05427475337961271,0.07096022112714206
M87179511,26.97142857142857,55,10.821897679601072,39306.95714285714,173622.5,2751487.0,34445.067763007275,0.3908902691511387,1457.355402542373,0.0413096884104157,0.6508247134470226,0.053072006141059856,0.07840071251805598
M87146520,28.771428571428572,56,11.915381929699619,39141.97142857143,177614.0,2739938.0,41302.0668621426,0.41697722567287787,1360.4458788480636,0.03763414915494102,0.6795202671929558,0.05422654569074007,0.07182727023354601
M87156106,31.085714285714285,58,13.057830553943877,37081.885714285716,163459.5,2595732.0,40173.194843005476,0.4505175983436853,1192.891544117647,0.032963065782297116,0.7019973644091884,0.05145443684720265,0.06923585743558584
M87179597,27.314285714285713,62,11.272650667044752,27377.6,121411.5,1916432.0,24269.514732272666,0.3958592132505176,1002.3179916317991,0.03807734397477366,0.6382245642480746,0.04764239028944912,0.07572337772763238
M87141858,24.97142857142857,59,11.134209098310393,29993.628571428573,120443.0,2099554.0,30311.52536290984,0.3619047619047619,1201.1178489702518,0.03648606606413834,0.6284697508896797,0.05060893922786506,0.07006857524873802
M87145575,33.4,61,13.705473359209451,32891.75714285715,162698.5,2302423.0,31034.571107849435,0.48405797101449277,984.7831479897349,0.031391412629620835,0.72,0.0422837250842366,0.07935187746793863
M87185000,26.257142857142856,52,10.863682241152615,28033.557142857142,136823.5,1962349.0,26706.445583756802,0.38053830227743274,1067.6545157780197,0.031955830670086886,0.6491112574061882,0.05507484153081522,0.0740669976874088
M87117119,29.2,60,12.922405791050341,32817.4,134422.0,2297218.0,31543.676052827363,0.42318840579710143,1123.8835616438357,0.03165969117676952,0.6655127650367806,0.04766979255470305,0.07496414297489358
M87183189,27.97142857142857,62,11.053081572344338,28058.514285714286,117517.0,1964096.0,26279.933619856838,0.40538302277432714,1003.1133810010215,0.031240881668160546,0.6387014764838174,0.05149200259814071,0.07594212839388952
M87159580,30.62857142857143,58,11.91897817836439,37927.614285714284,188115.0,2654933.0,34791.75216937931,0.44389233954451346,1238.308302238806,0.03993800559976429,0.6833995753253117,0.053018917712012344,0.0776269595738097
M87188000,26.714285714285715,55,10.885301829456422,31279.514285714286,150380.0,2189566.0,31861.521450979464,0.38716356107660455,1170.8909090909092,0.03480527853530206,0.6465058531394111,0.052281637292598195,0.06926579121605181
M87105476,27.314285714285713,59,12.265564872139118,26996.314285714285,126122.5,1889742.0,26045.55583713871,0.3958592132505176,988.3587866108786,0.029452354333721096,0.6482808493853133,0.047610623959728815,0.07178172250227885
M87111924,33.542857142857144,61,13.212208330918484,33744.81428571429,127699.5,2362137.0,29948.48390798671,0.48612836438923396,1006.0208688245315,0.02103289108640197,0.6993794426266501,0.03626153869049837,0.07989843001279548
M87168759,27.085714285714285,55,10.208879688280978,32999.21428571428,148787.0,2309945.0,30023.30362123151,0.39254658385093166,1218.3254219409282,0.03558654651286193,0.6404482503435881,0.04865160556976414,0.07394105921946507
M87160375,27.228571428571428,56,11.957270864650187,29755.67142857143,126994.0,2082897.0,31668.983587132076,0.3946169772256729,1092.8105981112276,0.030007050611562117,0.6552,0.05292118296593999,0.06867846328774195
M87155949,30.885714285714286,60,13.19041086454513,34812.08571428571,160241.5,2436846.0,34843.386826829585,0.44761904761904764,1127.1258094357077,0.033133518964127834,0.6834305656839255,0.04390692508887613,0.07223415690422114
M87161235,27.142857142857142,56,10.815710417570113,35978.985714285714,135354.5,2518529.0,33572.13571741255,0.39337474120082816,1325.5415789473684,0.03618255909032455,0.6566194262011753,0.06200523687735964,0.07237254047343614
M87187984,31.885714285714286,63,13.79082806707089,42174.97142857143,190815.5,2952248.0,39541.42998117704,0.462111801242236,1322.6917562724013,0.04280769392561283,0.7150395136778116,0.04310680794056753,0.07851863444579892
M87122092,27.685714285714287,59,11.989927745692999,33108.614285714284,137865.0,2317603.0,32703.988419847363,0.4012422360248447,1195.873581011352,0.030463762020237223,0.6620589187439301,0.05334916575325783,0.07370767668974318
M87150415,25.65714285714286,55,10.624615239131808,29258.7,114112.5,2048109.0,25778.351201901405,0.3718426501035197,1140.3724944320713,0.04115742651870347,0.6180968075729123,0.054050968213372304,0.07697017330867392
M87191087,26.857142857142858,57,11.041849889379579,25711.17142857143,105549.5,1799782.0,24014.523877360687,0.38923395445134573,957.3308510638298,0.03432208258578321,0.6424596647184405,0.04588844233345512,0.07125396546379731
M87147006,29.8,59,13.017131569040634,30034.67142857143,150743.0,2102427.0,30883.971154130806,0.4318840579710145,1007.8748801534036,0.03467717834210867,0.6785843365119965,0.0535941623026022,0.07155134690823356
M87187090,30.82857142857143,61,12.757038873356407,32805.04285714286,153305.5,2296353.0,32531.597579204536,0.44679089026915114,1064.1116774791474,0.033923157598367205,0.6833768907895779,0.04873134761150837,0.07058099166094728
M87183485,28.62857142857143,55,11.125480957271566,30501.128571428573,124259.5,2135079.0,26422.696864585098,0.41490683229813663,1065.4086826347304,0.036631605622668754,0.6652923538230885,0.0521967482645232,0.08053422174908412
M87155496,27.542857142857144,56,11.224572170384189,31240.414285714287,133596.0,2186829.0,31507.531216018295,0.3991718426501035,1134.247406639004,0.035162337957896084,0.654965496549655,0.04635083018714733,0.07134916474195557
M87139257,30.37142857142857,58,12.685392531312122,31599.8,134079.0,2211986.0,27877.357554294846,0.4401656314699793,1040.444967074318,0.03216265890620029,0.6825582026374342,0.04380734419371614,0.07793255725407644
M87141906,28.37142857142857,60,11.391941297716217,31011.1,138364.0,2170777.0,31278.02544274723,0.4111801242236025,1093.039778449144,0.03848206465422664,0.6689048609797617,0.05212012341168352,0.07148154934084286
M87158338,29.228571428571428,58,11.746332471482845,34006.92857142857,165024.0,2380485.0,32707.46341567556,0.4236024844720497,1163.4824046920821,0.03647260213341029,0.6667161123802178,0.04991515446758413,0.07574965119186206
M87149025,27.285714285714285,56,12.119810061150602,28133.557142857142,123282.5,1969349.0,28141.687778675412,0.39544513457556935,1031.07277486911,0.03689175565332454,0.6535841819865097,0.04710104331587708,0.0720338963807535
M87103074,30.17142857142857,63,12.5139595521749,42486.857142857145,203669.5,2974080.0,42915.1135192772,0.4372670807453416,1408.1818181818182,0.03295684881017509,0.686876481287549,0.0475973287865871,0.0733541245653147
M87141664,26.428571428571427,60,10.989048351584835,30002.52857142857,139123.5,2100177.0,28570.115098008784,0.3830227743271222,1135.230810810811,0.03864708782231743,0.643289606458123,0.05046736085738642,0.08132421894721736
M87148745,26.514285714285716,58,11.173620537604064,31061.071428571428,152453.0,2174275.0,29717.65956383579,0.38426501035196686,1171.484375,0.035659750852618376,0.6417798695047598,0.053472983396257064,0.07257325731598531
M87141949,26.8,56,11.372397661506064,31786.77142857143,161710.0,2225074.0,35112.22187040186,0.3884057971014493,1186.0735607675906,0.028853573420223367,0.646012462143628,0.05220537490358463,0.06644597774746396
M87179713,25.8,50,11.118324642550373,24126.014285714286,113223.0,1688821.0,22608.230866366765,0.3739130434782609,935.1168327796235,0.03574539695598753,0.6421915347479511,0.05344634955431447,0.07787666825633706
M87176708,28.62857142857143,54,10.599422394736461,35849.28571428572,133117.5,2509450.0,31860.8214210731,0.41490683229813663,1252.2205588822355,0.031995881323936305,0.647710020242915,0.051178297405918886,0.07780538725343736
M87129789,27.114285714285714,56,11.224390352064125,31520.957142857143,148527.0,2206467.0,31259.762182481594,0.3929606625258799,1162.522128556375,0.03340561866565049,0.6454850644012058,0.05271586895627817,0.0714670252919231
M87123042,30.085714285714285,59,13.431033208998647,41336.97142857143,198017.5,2893588.0,41660.30380957785,0.4360248447204969,1373.9734093067427,0.03246630221175628,0.6964619257735307,0.052201315308732184,0.07275381630829784
M87196363,29.8,57,11.56423056547337,39276.45714285714,188427.0,2749352.0,38204.46822687319,0.4318840579710145,1318.0019175455418,0.02819660590310749,0.6717359370949624,0.04839240043843624,0.07297589573194925
M87178630,32.05714285714286,59,13.78289386396435,38703.25714285715,180031.5,2709228.0,36137.66281563785,0.4645962732919255,1207.3208556149732,0.03501702819445387,0.7052656946620075,0.04963259216730171,0.07776101999741038
M87136332,32.371428571428574,62,12.908658698244178,31643.97142857143,144150.5,2215078.0,29919.160562002704,0.4691511387163561,977.5278022947925,0.030409504452170236,0.6820620649651972,0.04286537803527208,0.07587791061774456
M87158534,27.142857142857142,54,11.869872684701399,28833.257142857143,135510.0,2018328.0,27381.5600516561,0.39337474120082816,1062.2778947368422,0.03326609535060236,0.6552894144522458,0.04817927170868347,0.07727463288156942
M87166115,32.82857142857143,61,13.162686903919438,37050.885714285716,143464.0,2593562.0,36860.919937571845,0.47577639751552797,1128.6170583115752,0.030818364198644817,0.7173683593291896,0.045979986197377504,0.0715659562352013
M87176019,29.228571428571428,56,11.369346543065987,36370.9,149641.0,2545963.0,32713.445598932034,0.4236024844720497,1244.36119257087,0.03886183050382541,0.6490928686904975,0.049628750050744935,0.07895687260262328
M87111487,25.914285714285715,55,10.616352423290694,40308.7,191665.5,2821609.0,41963.50257284809,0.3755693581780538,1555.462513781698,0.041028254469708814,0.6574862482103836,0.04745564892623715,0.07038147738675565
